0uz6p	4k3/7p/4PK2/p2P3P/1p1n4/1P6/P7/8 w - - 0 46	h5h6 d4b5 f6g7 e8e7 g7h7	2800	0g0p0z10
1Q4Ne	8/8/3pB3/3Pk1p1/1K1p1pP1/1P6/2P2P2/b7 b - - 0 50	d4d3 c2d3 f4f3 b4c4 a1d4 e6f5 d4f2 d3d4 f2d4	2800	080g0p111w
4uSRn	4Q3/p5bk/1q1Bn1p1/5b1p/2Ppp2P/P5PN/2P3BK/8 w - - 12 40	g2e4 b6d6 e4f5 g6f5 e8e6 d6e6 h3g5 h7g8 g5e6	2800	050g0s191n1w
4vyhA	2k5/1p4p1/1K6/1PP1P2p/7P/5p1n/8/4B3 w - - 0 49	b6a7 f3f2 e1f2	2800	0g0p1o
7lq7f	8/3P2p1/4Kb1p/p7/1k3PPP/8/8/8 w - - 1 46	g4g5 h6g5 h4h5 a5a4 h5h6	2800	080g0p101l
HvOzk	r4rk1/p2n2p1/2n4p/qpp1pN2/4P3/2pP2B1/PP1QKP2/R6R w - - 0 23	f5h6 g7h6 d2h6 c6d4 e2f1 g8f7 g3h4 f8h8 h6d6	2800	010y191l1w
WP9rZ	5k2/8/4P1p1/2qpQn2/5P2/2P5/6PP/5K2 w - - 0 36	e5h8 f8e7 h8h7 e7e6 h7g6	2800	0g0p0r10
aY8zN	7r/5pk1/5p2/p5r1/5qP1/4Q3/PP3PR1/4R1K1 b - - 4 35	g5e5 e3c1 e5e1 c1e1 h8c8	2800	0g0h0p10
dD5BK	8/1p6/p7/4Q3/4P1bk/3P4/P2q3P/2r2R1K w - - 1 31	e5e7 d2g5 e7g5	2800	010p1o
hYYO5	8/2b5/8/2pP2k1/P1P5/3K4/1P6/8 w - - 4 42	d5d6 c7d6 d3e4 g5f6 e4d5	2800	080g0p10
iQ76b	r3k1r1/p6p/2p1pp2/2p4b/3p2Pq/1P1PnBR1/PBPQPK2/R7 w q - 0 24	a1h1 e3g4 f3g4 h4h1 g3h3 h1d5 g4h5	2800	01191n1w
ltVVZ	8/5p2/4bRPk/pp2q3/3p4/4p3/PPP3K1/5R2 w - - 0 37	g6f7 h6h5 f1h1 h5g5 f7f8q	2800	000g0j0k0p0r10111h
vOiqT	3r1k2/5p1p/4P1p1/p2p2R1/Np1Q4/1P2P2P/P1q3PK/2r5 w - - 1 31	e6e7 f8e7 d4e5 e7d7 e5d5	2800	0001050p0v10
Avh8F	B6k/2p3p1/p2p3p/1pb2r2/4p2q/P2P1PNb/1PPB1P1P/R1Q1R1K1 b - - 0 21	c5f2 g1h1 f2g3 e1e2 e4f3 h2g3 h3g2	2801	010k0m0y191w
X0861	Q7/4q1kp/2B3p1/3P1b2/3bp3/7P/2Q2PP1/6K1 b - - 0 42	e4e3 c2c4 e3f2 g1h2 e7e3 c4d4 e3d4	2801	00010p1w
bCBvq	b7/3Nbp2/5pk1/1p1p1Np1/3P2Q1/6P1/5PKP/4q3 w - - 3 32	h2h4 e1e6 h4h5 g6h7 f5e7 e6g4 d7f6	2801	010p1n1w
cxPpi	8/8/1r5p/4kpp1/1RK5/5BP1/8/8 b - - 0 41	b6b4 c4b4 g5g4 f3c6 e5d4	2801	0g0h0p10
efTkq	r2q2k1/1b3p1p/2n5/3p2pN/2p5/p3QP2/PpB3PP/1K1R4 w - - 2 25	d1d5 d8e7 e3c3	2801	0g191o
hrGWT	4r3/1P2R3/B1b4p/2k5/3p2P1/3Kp2P/8/8 b - - 3 46	e8e7 b7b8q e3e2 b8f4 c6b5 a6b5 e2e1q	2801	000g0p0r1h1w
uKhgm	8/6p1/4p1k1/5p1p/3P1K1P/5PP1/8/8 w - - 1 42	f4e5 g6f7 e5d6 f5f4 g3f4	2801	0g0p101e
AsmNi	rnbqk2r/ppp2n1p/6p1/3p3Q/5B2/2NB4/PPP2PPP/R5K1 w kq - 0 14	a1e1 e8f8 f4h6 f7h6 h5h6 f8f7 c3d5 d8d5 h6f4	2802	010r11191n1w
KiUyf	4k3/5p2/q3pp2/2Rp3P/rp1P4/1Q2PNP1/5P2/6K1 b - - 0 35	a4a1 f3e1 a6e2 b3b4 a1e1 b4e1 e2e1	2802	010p1g1w
NFnLb	8/8/8/3k3p/1P1pp3/6PP/4K3/8 w - - 1 43	b4b5 d4d3 e2d1	2802	0g0h0p111e1l1o
P8D8W	3q3r/1kp1n3/1pn1bNp1/8/1Q1P4/1P4P1/r1P2PB1/2KR3R w - - 2 27	h1h8 d8h8 b4e7 e6f5 d1d2 h8h2 g2c6 b7c6 c1b1	2802	0g191g1l1w
WoujX	8/4B2p/8/p7/2P1K1k1/8/1b6/8 w - - 0 54	c4c5 b2c1 c5c6 c1f4 e4d5 f4c7 d5e6	2802	080g0h0p1l1w
4BJxk	2k1r1r1/p2q1p1p/2p5/B3N3/1PN3P1/3b1KbP/6B1/R4Q1R b - - 1 27	g3e5 c4e5 e8e5	2803	0g191o
5Csrc	1r1q1rk1/p3bp1p/6pQ/2p1Pn1N/4BP2/8/P5PP/R1B2bK1 w - - 2 20	e4f5 d8d4 c1e3 d4e3 g1f1	2803	0g1019
8jWUU	2k5/4n3/1K6/PP6/8/8/8/8 w - - 3 73	b6a7 c8d7 a5a6 d7d6 a7b7 d6c5 a6a7 c5b5 a7a8q	2803	000g0p0z1h1w1z
Bp4Cn	2rq2k1/p4p2/1p2pPp1/3p1nQp/5N1P/1P3P2/P5P1/4R1K1 w - - 1 29	f4g6 f7g6 g5g6 g8f8 g2g4 h5g4 f3g4	2803	0g0p0y1w
JfTdP	8/8/4K2P/1p5R/1k6/8/8/4r3 w - - 7 58	e6d7 e1d1 d7c6 d1d8 h5b5	2803	0g0h0p101m
KMRaB	3q1rk1/1p3p2/p2p2p1/7p/2r1P3/P1P1P3/7Q/1K4RR w - - 0 26	h2h5 g8g7 g1g6 f7g6 h5h6 g7f7 h1f1 f7e6 f1f8 d8f8 h6f8	2803	0g0i0p1g1n1w
RKUth	8/8/4kp2/pP2b3/P1PKP3/8/8/8 w - - 1 41	d4c5 e5g3 c5c6 e6e5 c4c5	2803	080g0h0p1011
bHn2k	2r5/1kP5/3p4/p4p1p/1P1Qb2P/P1K1P3/6q1/2R2R2 b - - 4 34	c8c7 c3b3 e4c2 b3a2 c2d3 d4b2 d3f1 b2g2 f1g2	2803	0g0j0k0p111w
muYAC	8/6kp/8/1BpPp1p1/P1P5/3K4/1r5r/3R1R2 b - - 1 34	b2e2 d3c3 e5e4	2803	010h0p111l1o
oT7V9	8/4n1kp/2p1p3/1pPpP2B/pP1P4/P5K1/7P/8 w - - 6 46	h5g4 g7f7 g3h4	2803	0g0h0p1o
pp0zz	1r4k1/p4pp1/1qp1p2n/3pP2P/3P4/P3PN2/1P1Q4/6RK w - - 2 26	d2g2 h6f5 f3h4 b6b2 g2g4	2803	0g0p10
x7RAT	8/6pp/pp2k3/3pP3/3K4/P6P/1P4P1/8 b - - 0 27	b6b5 h3h4 a6a5 h4h5 a5a4 h5h6 g7h6 d4c5 e6e5	2803	0g0p1e1l1w1z
1ZEWp	r4rk1/pb3pp1/1p2p1q1/2p3P1/6PQ/1P6/P1P2PK1/3R3R w - - 2 24	f2f3 f7f5 h4h8 g8f7 d1d7 f7e8 d7b7	2804	0g0h0s191w
H35DW	r2r3k/p3p2p/5ppB/q1P5/4P3/P4N1P/Q4PP1/5bK1 w - - 2 20	a2f7 d8g8 f3g5 f6g5 f7e7 a5c3 e4e5 a8f8 h6f8 h7h5 e7f6	2804	0g0y191l1n1w
ULTGx	8/8/8/2P2R1p/5p2/5b1k/6p1/6K1 b - - 5 65	h3g4 f5e5 g4g3 c5c6 f3g4 c6c7 f4f3 e5e3 h5h4 c7c8q g4c8	2804	0d0g0p1l1w
YqamI	1B6/8/P5Np/1n4p1/1k6/3p1P2/5KPP/8 b - - 1 53	b4b3 a6a7 b5a7 f2e3 b3c2	2804	010h0p10
aAuTh	3k4/5p2/p1P1p1p1/1p1pP3/1K1P1P2/P5q1/2Q5/8 w - - 3 52	b4a5 g3a3 a5b6 d8c8 c2h2	2804	0g0h0p101i
d13tW	r5k1/p1pb1r1p/2pp1BpQ/N3Pp2/3b1P2/3B4/P1P2qPP/1R5K w - - 6 21	f6h4 f2d2 a5c4 d2c3 h4e1 c3d3 c2d3	2804	01191t1w
tzVOW	1R3b2/5pk1/4p1p1/2p1P1P1/p4r2/P3Q3/1KP5/4Bq2 w - - 4 41	e3d2 f1c4 d2h2 g7g8 h2h6 c4b5 b8b5 f8h6 g5h6	2804	010p1g1w
wXFOC	8/B5p1/7p/Pp1kp3/1P6/2p3PP/3pK1P1/3r4 w - - 0 43	e2d1 d5c4 d1c2 c4b4 a5a6	2804	010p10
2QhY0	1r5k/4q1np/p2pB3/2pPb1BQ/2P3P1/7P/P7/5RK1 b - - 2 37	e5d4 g1g2 b8b2 g2f3 d4f6 h5f7 e7f7 e6f7 f6g5	2805	010r191w
3vUjR	8/B7/2K2n2/3P3p/8/6k1/8/8 w - - 0 51	d5d6 f6g4 c6d5 g3f4 a7d4	2805	0g0h0p10
7862H	2n3rk/3q1pp1/4p2p/1pBpn2P/2rP2PN/2PQ1R2/5P2/1R2K3 w - - 0 29	d4e5 d7d8 h4g2 c4c5 f3f7	2805	010t1011191l
AYmGs	8/5pkp/6p1/8/3p4/1P3K2/P1Qq2P1/2R5 b - - 1 31	d2e3 f3g4 f7f5 g4h4 f5f4 c2c7 g7h6	2805	0g0h0p0r1l1w
JrjQ2	R7/8/8/2P2k2/1P5b/5pp1/8/5K2 b - - 1 55	f5g4 a8h8 g3g2 f1g1 g4g3 h8g8 g3h3	2805	000g0h0p0r1w
NKAfx	8/1p4rk/p2Q4/4p2p/PP1pPpp1/3P1P1P/2q1N1PK/1R6 b - - 0 31	g4f3 b1e1 c2d2 e1g1 d2e2	2805	0g0p10
e0q8m	6k1/6rp/3q2pR/4NP2/p2n1QP1/Pb6/1P6/K6R b - - 1 37	d4c2 a1b1 c2a3 b2a3 d6a3 f4e4 a3a2 b1c1 g7c7 e5c6 a2a1 c1d2 c7d7	2805	0g11191w
hoRXw	r1b2rk1/2q2ppp/2pb1n2/pB2pP2/4P3/P1N1B2P/1PP3P1/R2Q1RK1 b - - 0 14	c6b5 c3b5 c7b8 b5d6 f8d8	2805	011019
wWtYQ	r3r1k1/1p3pb1/6p1/ppPn2q1/P2N4/3QP2R/1B6/2K4R w - - 2 27	h3h8 g7h8 h1h8 g8h8 d4f3 g5f6 d3d5 f6b2 c1b2	2805	0g0i0j0k0y11191g1n1w
xA0Bu	8/6p1/4k3/1p2p1PP/1P2K3/8/1b1B4/8 w - - 1 40	h5h6 g7h6 g5h6 e6f6 e4d5 b2d4 d2f4 f6g6 f4e5 d4e3 e5g7	2805	080g0h0p1w
6JVGk	6r1/pp1n1k1p/7b/2PP1p2/1P2p3/2Q2pPq/PB3P1P/4R1RK b - - 0 29	g8g5 g3g4 g5g4 g1g4 f5g4 e1g1 h6f4	2806	0g191w
EZJpn	5kr1/r4p2/p2qp3/3P4/1p4BP/8/1PP3K1/R2QR3 b - - 0 28	f7f5 e1e6 d6f4 d1f3 g8g4	2806	0g101119
RFy3s	r5k1/ppqnR1bp/2pp4/5rB1/2PP4/8/PP3PPP/R2Q2K1 w - - 1 17	d1g4 f5f7 e7f7 g8f7 a1e1 d7f6 g4e6 f7g6 g5f6 g7f6 e1e3	2806	010h191g1l1w
f33yx	r1br4/ppp2p1k/2q4p/5P2/4PB1P/2P5/PP5K/4Q1R1 w - - 2 32	e1g3 c6f6 f4e5 d8d2 g1g2 f6e5 g3e5 d2g2 h2g2	2806	0g0h191l1w
vl82b	8/5N2/2k4p/Pp2Pp2/5b2/3K4/8/8 w - - 1 49	f7d8 c6d7 a5a6 d7d8 a6a7	2806	000g0p10111n
zJi2Y	8/3r1kpp/4R3/1p1nK2P/5PP1/8/P2B4/8 b - - 0 37	d5f6 e6d6 f6g4 e5d5 g4f6	2806	0g0p1011
zxqSf	8/3R3p/6pk/4p3/p7/5B1P/2q2NK1/8 w - - 4 37	h3h4 e5e4 g2g3 g6g5 f2g4 h6g6 h4h5	2806	0g0p1l1w
2fCkd	8/8/p7/1p2kppp/8/PPP1K1PP/8/8 b - - 0 40	h5h4 g3h4 g5h4 e3f3 a6a5	2807	0g0h0p101e
IffNF	8/8/3P2pp/1p3b2/1Bk1pK1P/4P3/8/8 w - - 5 45	h4h5 c4d5 h5g6 f5e6 f4g3 h6h5 g3h4	2807	080g0p1w
J4O3b	8/8/pp6/6p1/P3k3/3pp1PP/8/3KR3 b - - 0 39	d3d2 e1e2 e4d3	2807	000g0p1m1o
OhA2O	3rr3/p5pk/7P/5P2/4P1P1/PP2p2P/1B2Q1Bq/3R1K2 b - - 1 38	d8d1 e2d1 e8e4 b2e5 e4e5	2807	011019
WAADK	4r1k1/p4ppp/5b2/1p5q/6Nn/1N4PQ/PPr2P1P/R1BR2K1 b - - 0 23	h4f3 g1g2 f3e1 d1e1 h5d5 e1e4 e8e4	2807	0g0y191n1w
Wzdp9	4k3/pp3p2/2p5/4pN1b/2Q1Pn1r/5P2/PqP3B1/R4K2 w - - 0 25	c4c5 h4h1 g2h1 b2b5 c5b5	2807	0g1019
g08UU	8/7p/3nk3/4p3/1P1pN3/3K3P/5P2/8 w - - 6 46	e4d6 e6d6 f2f4 d6d5 f4f5	2807	0g0h0p0z10
mVABq	8/1p4k1/2p2b1p/PP6/2P1K1P1/n7/3B4/8 w - - 1 51	b5c6 b7c6 e4d3	2807	0g0h0p111o
oVPtj	2k1r3/ppp1r1pp/3N4/7q/P1Q5/R4bP1/1PP2P1P/4R1K1 b - - 2 28	c8d7 e1e7 e8e7 d6e4 f3e4	2807	010h1019
qVk7J	r2q3r/1p3k2/p1ppb2b/4p3/4P2P/1QPPnNP1/PP6/R4R1K w - - 9 27	f3e5 f7e8 b3e6 d8e7 e6g6	2807	0g0i0k0m0r1019
1VUMY	8/5Qpk/b3p2p/3pP3/3P1K1P/1r2P1P1/1p6/1N6 b - - 0 40	a6d3 b1d2 b2b1q d2b1 b3b1 f7e6 b1f1 f4g4 d3e4	2808	000g0h0p1h1w
4wXRI	3r1k2/1q4bQ/p2p1r2/7R/2P1P2P/1P6/P7/2K3R1 w - - 5 37	h5g5 b7f7 h7g7	2808	0111191o
6jcSO	8/5p2/2N1kp2/3p1n1p/7P/3KPPP1/8/8 w - - 5 51	c6d4 f5d4 e3d4 f6f5 d3c3 e6d6 c3b4 d6c6 b4a5	2808	0g0h0p0z1w
Iu6cz	8/8/3kp3/p2pp2p/P1P4P/1P6/2P1K3/8 b - - 0 35	d6c5 c4d5 e6d5 c2c3 d5d4 b3b4 a5b4 c3b4 c5b4	2808	0g0p1e1w
Ize3V	4rr2/2qn3k/4N1pP/p2p4/1pn2N2/4b3/PPPQ4/2K2R1R w - - 0 24	e6g5 h7g8 h6h7 g8g7 g5e6	2808	0001101119
d79ZU	r2q3r/pp1n2pp/2p5/3k4/5QP1/5b1P/PPP2P2/2K1R3 w - - 2 22	b2b4 f3e4 f4e4 d5d6 e4f4	2808	0110191l
fbvff	2kr3r/ppp2Q2/2p5/4P2p/3P2q1/2N3Pp/PPP2P2/3R1RK1 b - - 0 19	d8f8 f7c4 h3h2 g1h1 g4f3 h1h2 h5h4	2808	0001191w
gtsJ9	6k1/R5pp/5n1q/1p2r3/8/1P4PP/P2r2BK/3R1Q2 b - - 2 27	h6h3 h2g1 h3g2 f1g2 d2d1	2808	010i10191g
hNqLE	8/2R5/8/5p2/4b1p1/6P1/1p1K3P/1k6 b - - 1 58	e4d5 c7c5 d5a2 c5b5 b1a1	2808	0g0h0p101l
zQfTJ	k7/P5p1/2K3p1/3P4/8/5p1P/6r1/R7 w - - 0 42	a1c1 g2d2 d5d6 f3f2 d6d7	2808	000g0p101l1m
NHMge	rnbr2k1/pp4q1/2pb2NQ/3p1p2/3P4/2NBR3/PPP2PPP/6K1 w - - 6 17	h6h4 d8f8 g6f8	2809	0g191o
P924f	b3r1k1/5pp1/3Q4/6q1/3N4/2P2PpP/PP4P1/5RK1 b - - 1 31	g5e3 g1h1 e3f2 d6a6 a8b7 f1f2 b7a6	2809	010p1w
kL5sR	2k5/2P4p/6p1/2K5/p7/P6P/1P6/8 b - - 1 39	c8c7 c5c4 h7h5 b2b3 a4b3 c4b3 g6g5 b3c3 g5g4 h3g4 h5h4	2809	0g0h0p1e1l1w
onl6O	4k3/4bp1p/8/p2p1P2/3PbQ2/1P2B1K1/4q2P/6R1 b - - 3 31	e8d7 f5f6 e7d6 f4d6 d7d6	2809	0g0p101g
tTfLc	8/4Q2p/4P1pk/2p5/1pq5/6PK/7P/8 w - - 0 40	e7f6 c4d4 f6d4 c5d4 e6e7	2809	000g0p101i
zDGzN	2r3k1/1pb1npp1/p3pq1p/3rN3/1P6/P5P1/1B2QP1P/2RR2K1 w - - 0 22	e5c6 d5d1 e2d1 e6e5 b2e5 f6c6 c1c6	2809	0g191w
F9tU3	8/8/p3p3/PpBp1k2/1P1Pp1p1/4P1P1/2qn1PK1/5Q2 w - - 13 57	f1h1 f5g6 c5f8 c2c7 h1h6 g6f5 h6h5	2810	0g0p1l1w
NyHGM	6k1/1R3pp1/4r3/1Q5n/3P1q2/2P1p2P/6B1/6K1 w - - 1 39	b7b8 g8h7 b5h5 e6h6 h5e5 f4f2 g1h2 f7f5 e5g3	2810	010p1w
OcnZt	6r1/2k2p1p/2n2P2/2q1n3/4BQ2/2P5/r5PP/3R2RK w - - 4 33	e4c6 g8g4 f4f5 a2f2 c6f3 g4g2 g1g2	2810	01191g1w
QMuqC	8/8/8/N1n5/p1k5/P3K3/8/8 b - - 1 51	c4b5 e3d4 c5e6 d4d5 e6c7 d5d6 c7e8	2810	0g0h0p0r0z1w
UJH0z	rr4k1/3p1pn1/p3p3/3bPp2/7R/1P2qPQ1/1BP3PP/1K5R w - - 3 27	g3h3 f7f6 e5f6 b8b3 h3g3 b3b2 b1b2 a8b8 g3b8	2810	0g191w
V9XsY	r4rk1/p6p/1ppP2p1/2P1p3/1q3pR1/3Q4/2K1P3/6R1 w - - 0 29	g4g6 g8h8 g6g7 b4a4 c2b1	2810	0g0h0p10
VBLoS	8/1p3p2/p5p1/3pk3/6P1/PPPK3P/8/8 b - - 0 34	e5f4 d3d4 f4g3 g4g5 g3h4 d4d5 h4g5	2810	0g0p1e1w
VX22o	8/8/4k3/1p6/5P2/5Bpp/8/5K2 b - - 1 58	e6f5 f3c6 h3h2 f1g2 b5b4 g2g3 b4b3	2810	00080g0p1l1w
sD0ec	8/5pk1/2p1p1p1/1qQp2P1/1P1P4/4P3/5PK1/8 w - - 3 36	c5b5 c6b5 g2f3 f7f6 e3e4 d5e4 f3e4	2810	0g0p1i1w
G9moY	1n1r2k1/2q2ppp/r1p1pb2/p2P4/PpQ1B3/4P1P1/1PRB1P1P/2R3K1 b - - 0 20	e6d5 e4d5 c7b7 d5e4 b4b3 c2c3 d8d2 c3b3 a6b6 e4c6 b8c6 b3b6 b7b6	2811	010s191l1w
d9BnE	2r1r1k1/p4ppp/b7/8/3PP2q/1P3PP1/PB1Q3P/R3K2R b KQ - 0 25	e8e4 e1f2 h4h6 d2h6 e4e2 f2g1 g7h6	2811	010r0s0w191n1w
dyxcO	r3r3/ppq2ppk/5b1N/3p2Q1/2pP4/2P5/PP5P/R4RK1 w - - 3 26	f1f6 g7f6 g5h4	2811	0g191n1o
jrvH7	8/RP6/6pk/P6p/5p2/3Kp2P/3r2P1/8 w - - 5 44	d3c3 d2d8 a7a6 f4f3 g2f3 e3e2 a6e6 e2e1q e6e1	2811	0g0h0p1m1w
oahVh	r3r1k1/2q2pb1/4n3/3BPQB1/pP3P2/8/P1p1P2P/2K3R1 w - - 0 26	g5h6 c7a7 g1g3 a8d8 h6g7	2811	0110191g
prAAZ	r4rk1/pp1q1pp1/4p2p/8/nbPpN3/1P3Q1P/1P3PP1/2BR2K1 w - - 0 22	e4f6 g7f6 c1h6 g8h7 f3h5 f8h8 d1d3 d7d6 h6f4	2811	010i0j0k0y191n1w
4XY6G	N2q4/p2k1p1p/1p4p1/2p1Qb2/2P1n2b/1P5P/P5P1/R1BK1B1R b - - 2 20	d7c8 d1e2 e4g3 e2f2 g3e2 g2g3 h4g3 e5g3 e2g3	2812	010j0k0r0s191w
91Uwf	6k1/1R4p1/p3r1np/2nQP3/5p2/5N1P/2q2PPB/6K1 w - - 0 32	b7b8 g8f7 g1h1	2812	0g0h191o
Q3TrU	3k4/p1r2Q2/2p4p/2p3q1/3pPR2/1P1P2Pb/P1P4P/6K1 w - - 4 33	f7f8 d8d7 e4e5 h3e6 f8d6	2812	0g0p101l
aRMMR	8/8/1P6/n2pB2k/3P1Kp1/8/8/8 w - - 6 61	f4f5 h5h4 f5e6 g4g3 e6d5 h4h3 e5f4	2812	0g0p1w
bmfhc	1r6/5Q2/p1kpp1P1/2p5/2qnP2P/P1NR1P2/1P6/1K1R4 b - - 0 34	b8b2 b1a1 b2b8 d1d2 d4b3 a1b1 b3d2	2812	0g0k0m0s191l1w
dUbiq	5q1k/6bp/4Q3/2P5/8/1pp5/rP1B2PP/5RK1 b - - 1 24	f8g8 e6g8 h8g8 d2c3 g7c3	2812	010p1011
fTYZn	8/8/5ppp/3k4/5PKP/6P1/8/8 w - - 1 42	f4f5 g6g5 g4h5 d5e5 h5h6 g5h4 g3h4	2812	0g0p1e1w
grJI6	8/1k2b3/8/3KP2p/1PP3pP/P5P1/8/8 b - - 2 42	e7h4 e5e6 b7c8 d5e4 h4g3	2812	080g0p10
kq6HF	r3r3/pp5k/n1p1N2p/P2n1Pp1/4R3/2B3PK/2q4P/1N5Q w - - 1 30	h1f3 c2b1 e6g5	2812	01191l1n1o
woLiN	r1b2r1k/2p3pp/p1np2q1/4p1Nn/P1N1P3/1BP3RP/5PP1/R2Q2K1 w - - 7 21	c4d6 c7d6 g5f7 g6f7 b3f7	2812	0g0y10191n
zsoly	rn4k1/1bq3p1/p3Pr2/1pbn2NQ/2p5/2P5/PPN3PP/R1B2RK1 w - - 4 21	c1e3 g7g6 h5h3 d5e3 c2e3	2812	010h10191l
15Ato	8/8/5pkp/1NR3p1/4b3/4B1PK/5P1P/r7 b - - 4 45	a1g1 f2f3 e4d3 e3g5 h6g5	2813	010p10
1gpZa	3r4/Qpp1k1pp/8/4q3/4b1n1/1BP3P1/PP5P/R4RK1 b - - 0 26	d8d2 f1f7 e7d6 a1d1 e4d5 d1d2 e5e1 f7f1 e1d2	2813	010d0h0s191n1w
4CHXe	8/4kp2/p1p1p1p1/2P1K2p/1P3P1P/1P5P/8/8 b - - 0 40	f7f5 b4b5 c6b5	2813	0g0p1e1l1o1z
8r98H	8/1pb5/2p1k3/2P1p1B1/1P1pP1P1/5P1P/4K2n/8 w - - 1 43	e2f2 b7b6 c5b6 c7b6 f2g2 d4d3 g2h2 b6f2 g5d2	2813	0g0h0p111t1w
FGfpV	4r2k/1p4pp/p7/3Rnrq1/1P3p2/PQ2bP2/1B4PP/3B1R1K b - - 3 27	g5h6 h2h3 f5h5	2813	0d0g191o
NKyEB	2k1r3/ppp4Q/5Bp1/3Pp1Nb/5p1P/1q3P2/6PK/8 w - - 0 26	g5e6 b3c2 h7f7 e8d8 f7e7	2813	0g0p10
UjuzL	r7/5k1p/6p1/1R3pb1/3p4/P2q3P/1P3PP1/4Q1K1 w - - 0 35	b5b7 f7f8 e1e5 d3b1 g1h2 g5f4 e5f4	2813	0g0p1w
XKWkv	8/2p5/6R1/4P3/rP1Pp1pp/2P3P1/4k2P/4B1K1 b - - 0 36	h4h3 g6f6 e2e1 e5e6 e4e3 e6e7 e1e2 f6f1 a4a8	2813	010h0p1w
fRY5g	8/5p2/pkp1pPpp/4P3/1PP3PP/1K6/8/8 b - - 0 40	g6g5 h4g5 h6g5 b3c2 c6c5	2813	0g0p101e
ihyD5	8/8/2p5/pp1k1P1p/P2P4/3K3P/8/8 w - - 0 39	f5f6 d5e6 d4d5 c6d5 a4b5 a5a4 d3c3 a4a3 c3b3 d5d4 b3a3	2813	0g0i0p111e1w
p055y	8/8/8/1p2p1p1/p1p1P1K1/P1P2P2/1P3k2/8 w - - 2 46	g4g5 f2e3 g5g4 e3d3 f3f4 d3e4 f4f5	2813	0g0h0p1e1w1z
tXW7E	8/7k/4p2p/5R1P/3Pp3/2P3q1/r5P1/5QK1 b - - 0 48	e6f5 f1f5 h7g7 f5d7 g7h8 d7e8 g3g8 e8e5 g8g7	2813	010p111w
xcDJs	8/6k1/5pp1/8/3r1PP1/4K3/8/8 w - - 0 52	e3d4 g7f7 f4f5 f7e7 d4c5 e7d7 f5g6	2813	0g0p1w
10QWb	8/5pk1/4p1p1/8/4BKP1/1Q3P2/1p6/6q1 b - - 3 48	f7f6 b3e6 g6g5 f4f5 g1c5	2814	0g0p101l
1Rn0C	r1b2r1k/p4pp1/2p4p/2p1n2N/4P3/2P5/Pq2B1PP/3RQRK1 w - - 0 24	e1g3 e5g6 e2c4	2814	01191o
67S8I	2r5/3R1pk1/1Q3p2/6p1/2qn2N1/7P/5PP1/6K1 b - - 0 39	d4e2 g1h2 c4g4	2814	010j0p1o
DxYq7	3r1k2/p4p2/5Pp1/2n3P1/8/1P1pp3/P6R/3R2K1 b - - 1 38	f8e8 h2h3 e3e2 h3e3 c5e6	2814	00010h0p10
HaBrJ	5rr1/1kpR4/ppn5/4P3/7p/P6K/1PR2P1B/8 b - - 2 37	f8f3 h3h4 g8g2 h2g3 f3g3 f2g3 g2c2	2814	010p1w
Nb1I5	4B3/6p1/1p3p1k/1P1P1K1P/7r/8/8/8 w - - 0 41	d5d6 h4d4 f5e6 d4e4 e6f7	2814	0g0h0p10
Os1bR	8/6p1/3k3p/p7/2K4P/1P3P2/8/8 b - - 3 45	d6e5 h4h5 e5f6 b3b4 a5b4	2814	0g0p101e
Qfj7o	4r1k1/p1QR2p1/1p2p2p/4Pp2/q7/4N3/5bP1/6K1 w - - 0 32	g1f1 a4d7 c7d7	2814	010h0p111o
QsXLA	8/5pkp/6p1/2p5/2P1K1P1/2rR1P1P/8/8 b - - 6 36	f7f5 e4e3 c3d3 e3d3 g7f6	2814	0g0h0p101m
YBCvb	8/1p4k1/pR5p/P7/6PK/2P5/1r6/8 b - - 1 50	b2b6 a5b6 g7f7 c3c4 f7e7 h4h5 a6a5 h5h6 a5a4 c4c5 e7d7	2814	0g0h0p1l1m1w
dfEYz	8/8/4k2p/ppp4P/3p1KP1/3P4/PP6/8 b - - 1 39	c5c4 f4e4 c4d3 e4d3 e6e5	2814	0g0h0p101e
eUdFW	8/5ppp/4p3/3pPPPP/2p3K1/1kr3R1/8/8 w - - 0 44	g3c3 b3c3 g5g6 e6f5 g4f3 h7g6 h5g6 f7g6 e5e6	2814	0g0p1m1n1w
eZuKb	1r2k2r/1bp2p2/p1pPp3/2P1P1q1/6p1/3Q2Pp/P1P4P/1R3RK1 w k - 1 23	d6c7 b8c8 d3d6	2814	000g191o
eh4d3	4r1k1/2Q2pp1/1B5p/8/1P1prP1q/P6P/5R1K/5R2 b - - 1 30	e4e3 c7d7 h4g3 h2h1 e8e6 d7c8 g8h7	2814	0g1112191w
iAuBI	7k/5prp/5R2/p2BpP2/4P3/3Q2PK/P1P2b1P/6q1 b - - 2 34	f2g3 d3g3 g7g3 h2g3 h8g7	2814	0g0p10
jrtR9	r4k2/p5Rb/2p4p/b3rP2/3PQ1K1/2q4B/2p4P/2R5 w - - 0 33	e4e5 h7f5 e5f5 f8g7 g4h5	2814	0g0r0t1019
qboqu	3r3k/p4p1p/2p1bP2/1p2p2Q/4Pb1P/3BqN2/PPP5/1K4R1 w - - 3 27	g1h1 d8d3 f3g5 f4g5 h4g5	2814	0110191l1n
rgWRP	Q7/4q1k1/1p3rp1/2p1p3/2P1B3/3PbPKR/4P3/8 b - - 2 37	f6f3 g3h2 e3f4 h2g2 f3h3	2814	0g0p1011
uazaY	r5k1/1Rb2pp1/p1p3r1/2Pp1p1p/P2Pn1qP/4P1P1/2QN1PB1/5RK1 b - - 1 21	c7g3 f2g3 g4e2 d2e4 e2c2	2814	0g10191n
wwvQn	1q1r2k1/5pp1/4pb2/R7/Nr1P4/4P1Pp/1PQ2P1P/1R4K1 b - - 1 29	b8b7 g1f1 f6d4	2814	0g191l1o
yjzp2	3r2k1/5R1p/p4Qpq/1p6/6K1/1P3PP1/P6P/8 b - - 4 39	d8d5 h2h4 d5f5 f6f5 g6f5	2814	010p101l
FdrYO	5rk1/p7/1p2P2r/P1p1p3/2P1P1K1/3B1p2/6P1/2R2R2 b - - 0 38	g8g7 g4g3 h6g6 g3f2 f3g2	2815	000g0j0k0p10
TVZsY	3R1r2/5P1k/1pp2Qp1/2b4p/2p4P/1q3P2/6P1/3R1K2 b - - 4 36	c4c3 d8d6 b3c2 f6g6 c2g6	2815	0g0p1011
Xrxbj	8/8/p1k5/PpP1pp2/1P2p1pp/4P2P/4KPP1/8 w - - 0 41	e2f1 g4h3 f1g1	2815	0g0h0p1e1o
arOMd	8/8/8/1pB2K2/5PP1/P6p/7k/8 b - - 1 55	h2g2 f5g6 h3h2 f4f5 h2h1q f5f6 h1b1 g6g7 b1c1	2815	00080g0p1h1w
fOFsw	6k1/2Q3p1/4p1rp/p2b3q/P3pP2/1P6/5RPP/4R1K1 b - - 0 27	e4e3 f2e2 d5g2 f4f5 h5f5	2815	0g0j0p10
lxQ4u	r7/5Q2/3p1p1k/4p2p/4q3/4P1R1/PP4PP/6K1 b - - 4 35	e4b1 g1f2 b1b2 f2f3 e5e4 f3e4 b2b1	2815	01050p1w
mx18S	8/pp3Qpk/8/7p/1P2p1bP/P3P1q1/1r1r1PB1/2R2RK1 w - - 1 26	c1c5 d2f2 f1f2 b2b1 f2f1	2815	0g1019
u0bj2	6k1/3Q1p2/1p2p1p1/p3P2p/5P1K/2r3P1/B6P/5q2 w - - 4 36	a2e6 f7e6 h4g5 f1b5 d7b5	2815	0g0p101n
uE9H1	4R2r/4Ppk1/2Q3p1/p6p/P4P1P/2p3q1/2P5/1K6 b - - 0 38	g3e1 b1a2 e1d2 a2b3 d2d4	2815	0g0p10
2sI65	8/1p6/1PpPk1KP/2P1Pp2/4p3/6pr/2R5/8 b - - 1 54	e4e3 d6d7 e6d7	2816	010p1m1o
4plC4	4qr2/1k2bp2/5p2/4p3/2B3Q1/4r2P/6P1/5R1K w - - 0 30	c4d5 b7a7 f1b1 e3e1 b1e1	2816	0g10191l
U4Zs2	5rk1/P5p1/p2pp3/4p1q1/4P2p/P3N1P1/2P2K1P/1R1R4 w - - 1 27	e3f5 h4g3 h2g3 g5g4 b1b8 g4e4 a7a8q e4f5 f2g1 f5f2 g1h1 f8b8 a8b8	2816	00010h0p1g1h1w
qkDXv	8/4k2p/1p2p2p/p2n4/P3RP2/1R4P1/6PK/r7 b - - 0 37	d5f6 e4e2 f6g4 h2h3 h6h5 h3h4 e7f7	2816	010h0p1l1w
5WsyG	r2q1rk1/2pb2bp/3p2p1/3P2P1/p2B1P2/1p1Q4/PPP1B3/1K1R3R w - - 0 22	h1h7 b3c2 d3c2 g8h7 d1h1 h7g8 d4g7	2817	01191n1w
A8i50	1r6/1Pk5/3N4/PK2p3/3pN2p/6p1/7P/8 w - - 0 42	h2g3 h4h3 a5a6 h3h2 e4f2 d4d3 b5c5 d3d2 d6b5	2817	0g0p1l1w
CIZEM	5k2/3r2pp/6p1/p4q2/1p2R3/1P3P2/P1Q3PP/1K6 w - - 2 32	c2c8 f8f7 c8e8 f7f6 h2h4	2817	0g0h0p10
RLlMj	4k1r1/3p1p1p/4pBP1/pp2P3/1n4P1/1P6/PK1Q1P2/7q w - - 0 32	d2d6 b4c6 g6h7	2817	000g0p1o
dtYBo	1r4k1/6qp/3Q4/2Ppp3/8/6PP/1p1BnKP1/1R6 b - - 4 36	g7g3 f2f1 b8f8 f1e2 g3g2 e2d1 g2e4	2817	0g0i0p111w
in4yc	8/5Q1p/6pk/r1q1pR2/1p1bP3/3P2P1/7P/7K w - - 1 34	f7f6 c5c1 h1g2 a5a2 g2h3 a2h2 h3h2	2817	010p1g1w
uQZIB	6k1/pp1b1pp1/3p1P2/2pP2P1/2Pq4/5RQ1/r3r1B1/5R1K w - - 1 28	g5g6 e2g2 g6f7 g8h7 g3g2 a2g2 h1g2	2817	000g11191n1w
vNWjU	8/6kp/1RP5/3p4/1pr2PK1/7P/8/8 w - - 3 44	g4f5 d5d4 f5e4 d4d3 e4d3	2817	0g0p101m
0aUt9	r1b3k1/p6p/1qp3p1/3p1p2/8/3B4/P1Q2PPP/4R1K1 w - - 0 26	c2c3 b6d8 c3c6	2818	0g0p1o
2obOu	2r3k1/1R1Q1p2/6p1/8/2q5/7P/5rP1/6RK b - - 0 36	f2g2 g1b1 g2g3	2818	0p
5cRtb	2kr4/1pp1qpp1/p1b4p/2b1N3/2B1P3/2Q5/PPP2PPP/2K1R3 b - - 0 17	c5b4 c3h3 c6d7 e5d7 b4e1	2818	0g0h1019
OlCkc	1r2q1k1/3bbrp1/2n1p1N1/3pP1p1/p1pP2P1/P3PN1P/1PQ5/2K2R1R w - - 2 24	h3h4 g5h4 g6h4 e7h4 h1h4	2818	011019
siSX0	8/5p2/p3p3/2pkP2p/2p2P1P/P1P1K3/1P6/8 w - - 8 43	a3a4 d5c6 f4f5 c6d5 e3f4 e6f5 f4f5	2818	0g0p1e1l1w
zhfoh	5R2/2R2Qbk/6pp/4p3/2P1P2K/1Pr4P/5PP1/7q b - - 6 40	g6g5 h4h5 c3h3 h5g4 h1g2 g4f5 g2f2 f5e6 f2b6 e6d7 h3d3 d7c8 b6a6 c7b7 a6a8 c8c7 a8f8 f7f8 g7f8	2818	010i0p0v1p1w
DYXPt	8/2p3p1/2R1k3/p3P1Pp/P4K1P/5P2/2p1r3/8 b - - 1 45	e6d5 c6c7 g7g6 c7c8 d5d4 e5e6 d4d3	2819	0g0h0p111l1m1w
Pbuzs	8/2k2p1p/KNp2pp1/8/2b1r3/2b5/2P3PP/1R1R4 w - - 6 30	b6c4 e4c4 b1b7 c7c8 b7d7	2819	010d0p10
XbG3B	3R1r1k/6bp/1Qp5/p1P1pb2/P1q2p2/2P2N1P/1K3P2/7R b - - 8 30	c4e4 d8f8 g7f8 b6b8 e4c2	2819	0g101119
eFeWb	r6k/5R2/p2q2p1/1pp1b2p/1P1nb3/P2P3Q/BB4PP/6K1 w - - 0 27	h3e3 d4f5 e3e4 e5d4 g1h1 a8f8 b4c5	2819	0g191g1w
eJpw0	8/2k1b3/1p1p3p/1PpPp1pP/2P1K1P1/4N3/8/8 w - - 7 41	e3f5 e7f8 f5g3 c7d8 e4f5	2819	0g0p101l
mtxhE	1k1r3r/1N3Rpp/p3P3/4q3/8/5Qb1/PPPP2P1/R1B4K b - - 2 21	d8d4 h1g1 d4e4	2819	010h191o
43cp9	r7/2nr3p/2p2p2/p2p1p2/1p1Pk3/1PP2RR1/P4P1P/1K2Nb2 w - - 4 31	f3e3 e4f4 e3e2 f1e2 e1g2 f4e4 g3e3	2820	1317191l1n1w
4vvjv	2r3k1/1br2pp1/pn2p3/1p1pP1PQ/3P4/1PN1PR2/P4R1P/2q3K1 w - - 5 25	g1g2 b6c4 b3c4 d5c4 e3e4	2820	010h1019
5aHtO	7r/p7/5R2/2PP2p1/5pk1/8/1P5p/7K w - - 0 42	d5d6 g4f3 d6d7 g5g4 f6h6 h8d8 c5c6 g4g3 h6h2 g3h2 c6c7 d8d7 c7c8q	2820	00010p111h1m1n1w
YAsXQ	4B1k1/6pp/1Q1Pq3/1P2pp2/P4Pn1/B5r1/6P1/5RK1 b - - 0 34	e6d5 b6f2 g4f2	2820	0g191o
ZP9NU	3r4/2pk1p2/5q2/1QP4r/1P4p1/P2P2P1/5P2/R4RK1 b - - 2 29	d7c8 a1e1 f6h6 f2f4 g4f3	2820	0g0h0o0p101l
c5G4z	5rk1/8/8/3QP3/1P1P1p1p/2P2NpP/1P2qbK1/1RR5 b - - 0 37	g8h8 g2h1 g3g2 h1g2 f2e1 g2g1 e2f2 g1h1 f2f1 f3g1 f4f3 c1c2 f8g8	2820	00010h0j0k191w
rCKT2	2r1qrk1/2p2ppp/bp2p3/p5R1/3P1B2/3n1N2/3Q1PPP/2R3K1 w - - 12 33	g5g7 g8h8 f4e5 d3e5 f3e5	2820	0g0y1019
39sVG	r2q1rk1/pp3ppp/3b4/2n3P1/2QNp3/3BP3/PP1P1PP1/RNB1K2R b KQ - 0 17	c5d3 e1e2 d8g5 b1c3 g5g2	2821	011019
IqTm0	6k1/6P1/4K2P/pp6/8/1Pn5/P7/8 w - - 7 52	a2a3 b5b4 a3a4 c3e2 e6f6	2821	0g0h0p0z101l1z
PzEEC	8/8/1P6/2p1p3/1kBbK3/1p6/8/8 w - - 0 64	e4d5 e5e4 b6b7 d4e5 d5e5	2821	00080g0p10
QbSfn	1k6/p1p2qpp/1p1pp3/PN4Q1/2P3n1/R2P4/1P3rPP/6K1 w - - 2 27	g5d8 b8b7 a5a6 b7c6 b5a7 c6c5 d8g5	2821	010i0p1k1w
cwAXP	8/5kpp/5p2/3p4/3P1P2/2K3P1/rR5P/8 b - - 1 32	a2b2 c3b2 f7g6 g3g4 f6f5	2821	0g0p101m
jXKIb	8/2B2p2/8/5kpp/3b4/5PKP/5P2/8 b - - 3 38	d4e5 c7e5 h5h4 g3g2 f5e5	2821	080g0p0w101n
mWWWL	2r5/2P5/3K4/1R6/5k2/6pp/7P/8 w - - 0 57	b5b3 g3g2 b3g3	2821	0g0p1m1o
viYJ2	6rr/1kq5/p1p5/1P1p1p2/4p1b1/P5P1/1Q2BP1P/2R2R1K b - - 0 25	c7h7 b5c6 b7a7 b2b7 h7b7 c6b7 g4e2	2821	0g0h191w
xrHV2	8/8/3B2p1/5pP1/4kP2/1rp5/4R1K1/8 b - - 1 55	e4d3 e2e1 c3c2 g2f2 b3b2	2821	000g0h0p10
z1Wdk	2k5/ppp1b2R/2n5/4p3/Q7/P2P3p/KPP5/5q2 w - - 0 31	h7e7 f1g2 e7e8 c8d7 e8h8	2821	010p10
zxkOB	5r1k/br4p1/3pB1Qp/3NpP2/pp2q1p1/5N2/PP4KP/5R2 w - - 0 40	d5f6 g4f3 g2h1 f3f2 f6e4	2821	0g0h10191n
29r63	8/p4k1p/8/B7/8/2p2P2/n6P/4K3 w - - 2 35	e1d1 f7e6 d1c2 e6d5 f3f4 d5e4 c2b1 c3c2 b1c2	2822	0g0p1l1w
9nvkY	r3r3/5p2/2q4k/p5R1/P2P1Pp1/6Pp/P2Q1B1P/6K1 w - - 3 41	d4d5 c6f6 f2d4 f6e7 d4g7 h6h7 g7e5 e7g5 f4g5	2822	010d0p0r1l1w
GFGi4	r7/pb4Q1/2k1pp2/3n4/2p1q1B1/2P5/1B1K3P/3R3R b - - 10 29	a8d8 d2c1 d5e3 g4f3 e4f3 d1d8 f3h1 c1d2 h1d1	2822	01191l1w
JGrCv	r1bkr3/ppp3p1/7p/3P1n2/2P2pq1/P1QP1N2/2P2KPP/R1B4R b - - 3 17	f5h4 h1g1 h4f3	2822	0g191o
ZYC1H	8/1p3Qpk/4p3/4Pn2/p2P4/q1r2Np1/5RKP/8 w - - 0 40	f7h5 h7g8 f3g5 f5h4 h5h4 g3f2 h4h7 g8f8 h7h8 f8e7 h8g7 e7d8 g5f7 d8c8 f7d6 a3d6 e5d6	2822	0g0i0p1n1w
vi0aI	8/p5Np/5p2/p1k3P1/5P1r/2P1K3/8/8 w - - 0 36	g5f6 h4h3 e3e4 h3h6 g7e8 h6f6 e8f6	2822	0g0p1l1w
gcHa8	3r4/2q2p1p/1p2p1p1/1Pp2P1k/2PbP3/6P1/rB1Q3P/5R1K w - - 0 27	g3g4 h5g4 d2g2 g4h5 g2h3 h5g5 b2c1 g5f6 f5g6 a2f2 h3h4	2823	050g0j0k191w
ifsXU	8/6kP/p5P1/3n1P2/1p6/2p3K1/2b5/2B5 w - - 1 51	c1e3 d5e3 f5f6 g7g6 h7h8q	2823	000g0i0p0r101h1l1n
pFi1e	4rrk1/pp4bp/3p4/2pP1Pp1/2Pp3q/1P1B1R2/P5P1/R2Q2K1 w - - 2 23	f3h3 h4f4 d1h5 h7h6 a1f1 f4e5 f5f6 f8f6 f1f6	2823	010d191w
r9p95	5b2/1p3rrk/2qp4/4p1Bp/p3n2P/4N3/PP2Q1RK/6R1 w - - 4 34	e2h5 h7g8 e3g4 g7g5 h4g5	2823	0g1019
zgl9f	8/8/3kpppp/p7/Pp1KPP2/1P4P1/7P/8 w - - 0 41	g3g4 d6c6 d4c4	2823	0g0p1e1l1o
4YhEp	8/1Q3pk1/P5p1/3Bp3/4P3/8/KP6/5qr1 w - - 1 44	b7f7 f1f7 d5f7 g1c1 b2b4	2824	0g0h0p10
EP4db	8/8/p3k2P/Pp1p2K1/2rBbP1R/4P1p1/8/8 b - - 1 53	g3g2 h4g4 c4c2	2824	00010h0p1o
aXVWl	8/1p3kp1/p7/3r1P2/3q1RP1/3p4/PP1Q2P1/7K b - - 4 35	d4f4 d2f4 d3d2 f4c7 f7e8 h1h2 d2d1q	2824	000g0p1h1n1w
cagxR	br2r1k1/p1R2p1p/q4pn1/5N1Q/3pP3/6PB/3b1P1P/4R1K1 w - - 0 27	c7f7 g8f7 h5h7 f7e6 h7c7 e8e7 f5e7	2824	050g0i0j0k0y191n1w
dgHLq	r2b1rk1/pp6/2pp2p1/4p3/4P1p1/1P1PN1Bq/1PP2P2/R2Q1RK1 b - - 1 21	f8f3 e3g4 f3g3 f2g3 d8b6	2824	010y10191n
lSHJw	2r3r1/ppN1B2p/2n4n/2p5/4R3/kp4Pb/5P1P/3R2K1 w - - 0 26	c7b5 a3a2 e4a4 a2b2 d1d2	2824	0g10191g
lhpwt	3R4/1kp5/1B6/p3P3/P7/1bpp3p/7P/6K1 b - - 0 41	c7b6 d8d7 b7c6 d7d3 c3c2 d3c3 c6d5 g1f2 d5d4	2824	000g0p111w
renUr	r5k1/pb3rp1/1ppq3p/2n4Q/8/PB1P2P1/1PP2P1P/4R1K1 w - - 0 24	h5f7 g8h7 b3e6 c5e6 e1e6	2824	010y10191l
7V2kH	r4rk1/ppp2p2/3p1Q1p/3P2p1/6q1/1P6/P1PB1P1P/5R1K w - - 0 18	f2f3 g4h3 f1g1 f8e8 d2g5	2825	0g0p10
A11jj	8/1p3kp1/3p1q1p/pPp2Q2/P1PpP2P/3P2P1/6K1/8 b - - 3 34	f6f5 e4f5 f7f6 g3g4 h6h5 g2f3 f6e5	2825	0g0p1i1w
Gt5dp	8/8/6p1/1P3p2/3b4/1k3KP1/8/4B3 w - - 1 44	e1f2 d4e5 f2e3 b3c4 b5b6	2825	080g0p101l
OR6qk	8/8/8/3pBp2/2kPnP2/5K2/8/8 b - - 12 53	c4d3 f3g2 e4d2 g2g3 d3e4	2825	0g0p101l
RKrx7	8/7p/4n3/5kPP/4p1NK/8/8/8 b - - 3 50	f5f4 g4f2 e6g5	2825	0g0p0z1o
Y9Nrn	8/1p1k1r2/1p1P4/pP1K2p1/P3P3/8/3B4/8 w - - 0 40	e4e5 f7f5 d2e3 g5g4 e3b6 g4g3 b6a5 f5h5 a5b6	2825	0g0h0p1l1w
u61xd	6k1/pp1q1ppp/2n3N1/3p1P2/1P1P1QP1/P1r5/2r4P/R3R1K1 w - - 7 29	f4d6 d7c8 d6c7 c6d4 g6e7 g8f8 c7d6 d4f3 g1h1 c2h2 d6h2 f3h2 e7c8	2825	010s191w
xHQHp	8/8/4p3/b3P3/p3p1k1/2p1P1B1/P4P2/3K4 b - - 11 50	a5b6 d1c2 b6e3	2825	080g0p1o
0q1lv	1r2bk2/p6p/q5p1/3Q1p1P/5P2/P1N5/1Bn2KP1/7R w - - 1 31	d5c5 f8g8 c3d5 b8b2 d5e7 g8g7 e7f5 g6f5 c5e7 g7g8 e7e8	2826	0d0g0r0s191l1n1w
3UWlA	8/k1p5/Pp1q1p2/8/1PRP4/4PN1p/6r1/5Q1K b - - 3 38	d6g3 d4d5 g2b2 c4c7 g3c7	2826	0g0p10
7qiRJ	8/3k4/p3p1p1/3pP1p1/P1PPp1P1/4K2P/8/8 b - - 0 33	d5c4 e3e4 d7c7 e4e3 c7c6	2826	0g0h0p101e
93fPG	8/p4pk1/2pQ2pp/3n4/2pP3P/2q2N2/1r3PP1/4R1K1 w - - 1 25	e1e8 c3b4 d6e5 d5f6 f3g5 h6g5 h4g5	2826	0g0p1g1l1n1w
M8Fhm	4r3/ppqn1k2/2pb3R/6p1/3P2b1/2P3P1/PPQ1r2P/4R1K1 w - - 0 21	c2h7 f7f8 e1f1 d6f4 h6g6	2826	0g0r1019
OM5Wu	3N4/r7/6p1/8/5k2/4Pp2/3R4/6K1 b - - 0 52	f4g3 d2d1 a7a2 d8e6 a2h2 e6g5 f3f2 g1f1 h2h1 f1e2 h1d1	2826	000g0h0p0r1l1w
Q29NR	2k5/pp3pp1/4q2p/2r5/1n6/1N2P1Q1/PPP2PPP/2K4R b - - 1 18	e6e4 c1b1 b4c2 g3g4 e4g4	2826	0g0p10
Stz4Y	8/7R/2prk3/5p2/5K2/5n1P/6P1/8 w - - 0 42	h7h6 e6e7 h6d6 e7d6 g2f3 d6d5 f4e3 d5e5 f3f4	2826	0g0p111w
VU1K8	8/Q5pp/6kr/2P5/P1P1pP2/4P1q1/R4R2/5K2 b - - 0 35	h6h1 f1e2 g3g1 a2a1 g1a1	2826	0g0p10
Y1HlD	2r4r/5pp1/p3p1kp/q3B3/1p1PQ2P/1bN2P2/1P4P1/2KR2R1 b - - 5 26	f7f5 e4b7 h8g8 c1d2 b4c3	2826	0110191l
affEh	1r6/p4Qbk/q2p2pp/n2Np3/4Pp2/3P3P/P2N1PP1/6K1 w - - 0 36	d2f3 a6b7 d5e7 b7e7 f7e7	2826	01101119
gbRBb	r4r2/2qbppk1/6p1/p1pPb3/PpQ4p/1P2PRPP/3B2BK/5R2 w - - 0 25	f3f7 f8f7 f1f7 g7f7 d5d6 d7e6 c4f1 f7g7 d6c7	2826	00010j0k191n1w
mXeym	r3r1k1/pppq1ppp/3p3B/2nN4/4R1Q1/3P4/Pb3PPP/4R1K1 w - - 2 20	d3d4 b2d4 e4e7 e8e7 d5e7	2826	010e0y10191g
pjJXh	3r4/k2n4/2n1R3/p2Q4/Pp1p4/1P4B1/5P1P/3q2K1 w - - 2 40	g1g2 d7e5 d5c5 a7a8 e6e5 c6e5 c5e5 d1c2 e5a5 a8b7 a5d8	2826	0g0r0s191w
2xWp0	3r2k1/5p1p/R2B2pP/2p4q/7Q/7K/8/8 b - - 3 40	h5f3 h3h2 d8e8	2827	010h0p1o
BZ8Tz	8/8/1p1P1R2/1k2PP2/8/3K3p/8/7r b - - 0 47	h3h2 f6h6 b5c6 d3c2 h1a1 h6h2 a1a2 c2d3 a2h2	2827	000g0p0r1l1m1p1w
IG11v	1k4r1/pp6/4K2P/4n3/P2P1P2/2P5/8/8 w - - 0 42	d4e5 g8h8 f4f5 b8c7 f5f6 c7d8 e6f7 h8h6 e5e6 h6h7 f7f8	2827	010h0p1l1w
QKRwB	r5k1/2p2q1p/p2p3Q/2pPp1pP/4P3/P5N1/1PP2r2/R3K2R b KQ - 0 25	f7f3 h6g5 g8h8 a1d1 a8g8	2827	010d0h1019
buMeU	3r3k/1p3pp1/p1r1q2p/1N2n3/3P4/P5R1/1P2QPPP/1K1R4 b - - 0 29	e6f5 b1a2 c6c2 d4e5 f5e6 g3b3 c2e2 d1d8 h8h7 b5d4 e6e7 d4e2 e7d8	2827	011112191n1w
iP80i	2r1b3/1p2Ppk1/p5p1/4q1NB/P6Q/8/6PP/2r2R1K w - - 1 34	h5d1 e5f5 h4d4 f7f6 f1f5	2827	0g101112191g1l
mXjPu	5r1k/1q6/1b6/4Rr2/3P1Pp1/3Q2P1/7B/5RK1 b - - 2 40	f5e5 f4e5 f8d8 f1f4 b6d4	2827	0g10191g
ppLST	8/8/5bk1/6p1/Rp1p4/1P1R1PK1/P1r5/8 b - - 4 38	g6f5 a4a5 f6e5 a5e5 f5e5	2827	010p10
uvHU3	8/1p6/p3k3/2Pp2pp/P2P4/4KP1P/8/8 b - - 0 55	e6f6 e3f2 f6f5	2827	0g0h0p1e1o
wbit6	1R6/4k3/3n4/1B1Pp3/4Pr1P/4K3/8/8 b - - 3 61	f4e4 e3f3 e4f4	2827	0g0p1o
7XAAm	r7/8/6P1/4K3/8/P1k5/3p4/7R b - - 1 45	a8e8 e5f6 e8e1 h1h3 c3c4 g6g7 e1f1 f6e5 f1g1	2828	0g0p111m1w
EyFjB	8/1k2N1p1/8/3p4/3p2PP/1pp2PB1/b7/1BK5 b - - 1 33	d4d3 b1d3 b3b2 c1d1 a2b3	2828	000g0p0r10
Q3Yw7	rnb2k1r/1p3np1/p3p2p/q7/3b1Q1B/1R1B4/P1P3PP/4KR2 w - - 2 20	e1d1 a5h5 d3e2 h5f5 f4d4 f5d5 d4d5	2828	010h191w
T139l	3r3K/8/p3kPp1/1p2B2p/1P1P3P/P7/8/8 w - - 5 63	h8g7 d8d5 f6f7 d5d7 d4d5 e6e5 g7g8 d7d8 f7f8q	2828	000g0p0r1h1n1w
cdbT0	8/8/8/3p4/pPk4P/P4p2/3K4/8 w - - 2 58	b4b5 c4b3 b5b6	2828	0g0p1e1l1o
pBHvq	8/7p/pp1kp3/3p1pp1/1P1P4/2K1P1P1/1P3P1P/8 b - - 0 31	d6c6 h2h3 g5g4 h3g4 f5g4	2828	0g0p101e
tN9OI	6r1/2p5/R1bkp3/7Q/2pn4/2K2n1B/7P/8 b - - 1 33	d4e2 c3b4 g8b8 b4c4 f3d2 c4d3 e2f4 d3d2 f4h5	2828	0g0r0s191w
wcIGl	r2r1qk1/pp3p1p/2p1bp2/3B3Q/2P5/P3R2P/1PP2PP1/R5K1 b - - 1 21	c6d5 e3g3 g8h8 h5h4 h7h6 h4f6 h8h7	2828	01191l1w
z7HkR	8/8/2k2ppp/1p1p4/1K1PP3/5P1P/6P1/8 w - - 0 38	g2g4 d5e4 f3e4 c6b6 h3h4	2828	0g0h0p101e1l
7dtca	8/1pp5/p4k2/P1PP4/1P3KP1/8/2b5/8 w - - 1 45	b4b5 c2b3 g4g5 f6e7 f4e5	2829	080g0h0p0r10
8wv9G	8/2pbN3/2P5/3P4/4k3/5p2/3K4/8 b - - 0 56	d7g4 d5d6 f3f2	2829	000g0p111l1o
Azjzu	2k3r1/1p5R/p3N3/1P1p4/P3n3/6pP/5r2/R5K1 w - - 4 36	b5a6 b7a6 a1c1 c8b8 c1b1 b8a8 e6c7	2829	0g0p1w
B6ZIv	8/6p1/2p5/p4k1p/2P4P/P4K2/1P6/8 w - - 1 37	b2b4 a5a4 f3e3 f5e5 e3d3	2829	0g0h0p101e
DfMUD	8/q7/P7/2p3k1/Q1Pb1p2/1P5P/6B1/7K b - - 2 50	a7h7 a4a2 h7d3 a2a1 d4a1	2829	0g0p10
FfVPr	8/p7/3b4/2p2P2/5kPK/1P6/P2p3P/3N4 b - - 2 46	d6e5 g4g5 f4f5 h4h3 f5e4 h3g2 e4d3	2829	0g0h0p1l1w
KIYzp	r5k1/pp4pp/2p2p2/3P1Q2/3P1B2/2q5/P1B1r1P1/7K w - - 0 27	f5h7 g8f8 h7h8 f8f7 h8h5	2829	0g0p10
SsjnJ	1r6/3k4/1PpP4/2P3p1/P1KB4/8/6p1/8 w - - 0 39	a4a5 b8f8 c4d3 d7c8 a5a6	2829	0g0p10111l
ToeAI	5rk1/6r1/p6Q/1p4N1/2pq3P/5bP1/PP3R2/4R1K1 b - - 1 37	f3d5 e1f1 f8f2 f1f2 d4d1	2829	010j10191l
cGl8O	8/8/2R1P3/1pPp3k/3b3p/6p1/6K1/8 b - - 0 48	h5g4 e6e7 h4h3 g2f1 g4f3 e7e8r g3g2	2829	000g0p0r1w
jTOlD	8/p3k3/2pp2p1/5p1p/1PPK1P1P/6P1/P7/8 w - - 1 36	c4c5 d6d5 b4b5 e7d7 d4e5 c6b5 e5d5	2829	0g0p1e1w
sI8pP	3r1rk1/1b3p1p/pq2p1p1/1pbp1n2/3N1PN1/2PBQ1P1/PP3KP1/4R2R w - - 2 23	g4f6 g8g7 d3f5 c5d4 c3d4	2829	010y1019
znuzW	r3r1k1/6p1/4qp1p/p1b5/2pp1Q2/5P1P/1PP2P2/R1B3RK w - - 0 30	g1g7 g8g7 f4h6 g7g8 c1f4	2829	01050h0y10191n
99fgb	8/3P2k1/2R3p1/2pB1pP1/2Pq1PK1/p7/8/8 w - f6 0 43	g5f6 g7h6 c6e6	2830	0g0h0o0p111o
K9qOD	r6r/2p1kppp/p7/2p5/Q7/B1P1q3/P1K3PP/3R4 w - - 2 22	a3c5 e3c5 a4e4 e7f8 e4a8	2830	0g0p0v101n
TmbOh	5rk1/p5b1/1p2R1Q1/3R3p/7P/1P6/P4PPK/r4q2 w - - 0 35	d5g5 f1g1 h2h3 f8f3 g2f3 g1h1 h3g3 a1g1 g3f4 h1h4 g5g4 g1g4 f3g4	2830	01191w
rTt9F	1k1r3r/pbp2p2/2n2n1p/4q3/Q1P1P3/7p/R5B1/1R2B1K1 w - - 0 25	a4c6 e5d4 a2f2 d4b6 b1b6 a7b6 c6f6	2830	01191g1w
0BQnY	8/p6p/3bP3/8/1P4B1/2B1p1kb/4K3/8 w - - 0 55	g4h3 g3h3 b4b5 d6e7 e2e3 h3g4 e3e4	2831	080g0h0p1l1w
DnU7k	6r1/1p3pk1/8/8/1P1Q4/P4q2/5P2/R5K1 b - - 2 32	g7h7 g1f1 g8g4 d4e3 f3g2 f1e1 g4e4 e1d2 e4e3	2831	0d0g0j0k0p1g1w
RfgTP	8/4r3/4P1k1/p1P1Qp1q/5Rp1/4P1P1/P3r1B1/6K1 b - - 10 45	e2g2 g1g2 e7h7 g2f2 h5h2	2831	0g0p101l1n
l8Vzt	1r6/2k3pp/pR1p4/P2P1p2/4p3/6P1/3K1P1P/8 w - - 2 30	b6b8 c7b8 d2e3 g7g6 e3f4 b8c7 f4g5 c7d7 g5f6	2831	0g0p1m1w
6g5Ft	r3rk2/1b2bn1p/3p2p1/6P1/1p2PB1Q/1p5R/Pq4BP/5RK1 w - - 0 26	f4e5 b2e5 h4h7 e7f6 g5f6	2832	0110191g1n
WBY4X	1r2r1k1/p4ppp/5q2/3p4/1PnN4/P1R1PP2/2Q2KPP/7R b - - 2 22	c4e3 c3e3 e8e3 f2e3 b8e8 e3f2 f6d4	2832	050g0i191n1w
dZ2JC	4r3/6pk/pR6/1p2pP2/4P2p/2P2P2/PPK5/8 b - - 1 34	h4h3 b6d6 e8h8 d6d1 h7h6 d1h1 h6g5 c2d3 g5f4	2832	0g0p1l1m1w
f1q63	r5rk/1pp2p2/1bnp3p/p3p2b/P3PqP1/1NPP1N1P/BP2Q1K1/3R1R2 b - - 2 23	g8g4 h3g4 f4g4 g2h2 a8g8	2832	010h1011191n
iY2VW	3N2k1/p2r2pq/1p5p/2p1Pb2/7P/5Q2/PPP5/5RK1 w - - 2 30	f3b3 g8f8 b3e6 g7g6 h4h5	2832	0g0p101g
qCmwK	r2r2k1/pp1Nqpp1/2p4B/3b1B1Q/3P4/1P4bP/PKP5/8 w - - 4 31	h6g5 g7g6 f5g6 f7g6 h5g6 e7g7 d7f6	2832	010y191w
0KvQU	8/5k2/p1p4b/P1P5/1PPp1P2/4p1B1/8/5K2 b - - 3 43	d4d3 b4b5 h6f8 b5c6 f7e8	2833	080g0h0p10
MWkcA	8/2p2pk1/p5p1/2QP1q1r/2P2P1r/1P1P1R1P/P5K1/7R b - - 0 35	h4f4 c5e3 f4f3 e3f3 h5g5	2833	0g0p10
Qx2JW	3k4/2p5/pp1p2qP/3Pp3/4P3/3KQ3/PP6/8 w - - 5 44	e3h3 g6g1 d3e2	2833	0g0h0p1i1l1o
SqLlB	2r1r1k1/1bNn1pb1/pp1Np1pp/5n2/3P1Pq1/BP1BP3/P1Q3PP/2R1R1K1 b - - 5 20	c8c7 d3f5 e6f5 h2h3 c7c2	2833	0g1019
Z8FVF	8/8/4PkBp/pppb1P2/1P4PP/P2P4/8/6K1 b - - 0 41	c5b4 g4g5 h6g5 h4g5 f6e7 a3b4 a5a4 g6h7 d5e6 f5e6 a4a3 g1f2 a3a2	2833	00080g0p1l1n1w
jlEy7	1b2k3/8/4PP2/2K5/3p4/p4N1p/2P5/8 w - - 0 75	f3h4 h3h2 h4g6 e8d8 f6f7	2833	000g0p101l
qFOJn	6r1/3Q4/3p1r1k/2p1p3/2P1q3/1P3PP1/P5K1/R4R2 b - - 0 34	e4c2 g2h1 f6f5 d7f5 c2f5	2833	010p10
zgpl6	1k1r3r/pb1qn3/1pn1p2p/1B2P1b1/QP1P2p1/1N4N1/3B1PpP/R1R3K1 w - - 2 24	d4d5 d7d5 b5c6 e7c6 b4b5 d5b3 a4b3	2833	0111191w
JZdHQ	7k/1pQ4p/p3p3/4P3/1qp3p1/4P1P1/P5PK/8 w - - 0 38	c7d6 a6a5 a2a3 b4d6 e5d6 c4c3 d6d7	2834	000g0p1i1w
NSY2w	4r3/5k2/p3pnRB/1p1q4/2rPpP2/2P5/PP3P2/1K1R4 w - - 1 27	g6g7 f7f8 g7a7 f8g8 d1g1 g8h8 h6g7 h8h7 g7f6 h7h6 f6g7	2834	0g0j0s191w
RbX0L	3k3r/ppp1br2/3p1npq/4PQ2/3P4/5BP1/PP3R1P/4R1K1 w - - 0 22	f5e6 f6e4 f3g4 f7f5 e5d6	2834	0110191l
a8GWk	3Q4/p4Bk1/1p6/2q2Pp1/P3P3/7r/KP6/8 w - - 8 59	f7b3 h3b3 d8g5	2834	0g0p1l1n1o
avm9I	8/8/1K2k1N1/1P3pb1/8/8/8/8 b - - 0 52	e6f6 g6f8 g5e3 b6c6 f5f4 f8d7 f6f5 b5b6 f4f3	2834	0g0p1l1w
j8nvx	4N1k1/pb4bp/1p4p1/2p2p2/P1P1q3/BP1QP1P1/5K1P/3R4 b - - 0 28	e4f3 f2e1 b7e4 e8g7 e4d3	2834	010d1019
lGVud	8/2r2p2/pp1k2p1/3p3p/1P1P3P/2R2P2/P2K2P1/8 w - - 1 35	c3c7 d6c7 b4b5	2834	010p1m1o
oZLCp	2k5/1r6/3P2p1/2B5/5n1P/8/1pP5/1K4R1 b - - 1 32	f4e2 d6d7 c8d7 g1d1 d7c6 c5d4 b7d7 d1d2 e2d4 d2g2 d7d6	2834	010d0h0p1w
tusaz	8/5pp1/1p5p/4P3/1PK2P2/P5k1/8/8 b - - 1 41	g3f4 e5e6 f7e6 a3a4 f4e5 c4b5 g7g5 b5c6 g5g4 a4a5 b6a5	2834	0g0p1e1l1w
0Saoz	1knr3r/1p6/2pp3b/2q1p3/4P1P1/1RNB1Q2/2P3K1/R7 w - - 4 26	b3b7 b8b7 f3f7 b7b8 a1b1 c8b6 d3a6	2835	050g0h191k1n1w
0qlVd	1k1r3r/1pp1nq2/p1p4p/2N3p1/6Q1/P2P4/bbPB1PPP/4RK1R w - - 0 20	g4b4 b7b6 c5a6 b8b7 e1e7 f7e7 b4e7	2835	01191k1w
3E687	8/2k5/P7/1K2pp2/4Np1p/8/5bP1/8 w - - 0 39	e4f2 f4f3 g2f3 e5e4 f2h3 e4e3 h3f4 e3e2 f4e2	2835	0g0p0t1l1w
BuitY	r1bq1rk1/1p2ppb1/p2p2pB/3N2Q1/2n1P3/1R6/P1P3PP/5R1K w - - 2 21	h6g7 g8g7 d5e7 d8e7 g5e7	2835	011019
NLJ0z	8/8/4k1pp/8/5P2/5K2/5P2/8 b - - 1 43	h6h5 f3e4 e6f6	2835	0g0h0p1e1l1o1z
ggpku	8/8/4PK2/8/p2N3p/P7/6k1/3b4 w - - 1 43	e6e7 d1h5 f6g5 h5f7 g5h4	2835	000g0p10
uNCA1	6k1/5pp1/2Q1q1p1/3p4/3P4/7P/5PP1/5K2 w - - 1 35	c6e6 f7e6 h3h4 g8f8 f1e2	2835	0g0h0p101i1l
wAKks	3r1r1k/p1p4B/1p4Q1/7p/6bq/2P5/PP1N4/2K3R1 w - - 6 25	g6h6 f8f6 h7g6 h8g8 d2e4	2835	0d0g0j0k0r1019
wZyHy	1K6/8/7R/4Pp1p/5k2/6p1/8/8 b - - 1 57	f4e5 h6h5 e5f4 h5h8 f4f3	2835	0g0h0p101m
ZF4C0	3rq2k/5p1p/1pRB2p1/pP1P1r2/P2b4/5P1P/Q5K1/3R1B2 b - - 2 33	f5g5 g2h2 e8e3 f1g2 d8d6	2836	011019
hSpeT	2r1r3/pp3pk1/3N2p1/4p1Np/3n2PP/2PQ4/1P1K2P1/q2R3R b - - 2 22	a1b2 d2e1 b2g2 h1f1 d4c2 d3c2 g2c2 f1f7 g7g8 d6e4 c2e4 g5e4 g8f7	2836	010i191p1w
j0KIC	2q2rk1/5pbp/6R1/8/4rB2/1P3Q2/P1P3PP/2K4R b - - 0 25	h7g6 f3e4 c8c3	2836	01191o
2VZqB	8/3n2pk/8/1P6/3K1P2/6P1/8/8 w - - 2 52	d4d5 d7b6 d5c6 b6c4 g3g4	2837	0g0h0p0z10
360nw	3r1r2/pp3p1k/2p4p/3pqPp1/4P1Q1/1P1PK1N1/1PP5/7R w - - 2 30	h1h6 h7h6 g4h5 h6g7 h5g5 g7h7 g5h4	2837	050g0i0p1n1w
UV3VH	6r1/8/8/PR2p3/1P2kp2/8/5K2/8 b - - 2 43	f4f3 a5a6 e4f4 b5b7 g8g2	2837	0g0p101m
WDhmt	6r1/1p3p1k/p1ppq1rp/2b5/B2PPQ1B/P1P4b/1P3P1P/4R1RK b - - 0 25	g6g1 e1g1 g8g1 h1g1 e6c4 f4c1 c4a4	2837	0g0y191w
bHlEy	8/2k5/2p2p2/K1P3p1/1P4Bp/5P1P/6P1/5b2 b - - 8 42	f1g2 b4b5 f6f5 g4f5 g2f3	2837	080g0i0p10
jiBq5	8/8/k7/P4p2/4pK1p/6p1/6B1/8 b - - 3 55	a6a5 f4e3 a5b4 g2f1 b4b3	2837	080g0h0p10
lqInD	6rr/pp1b1k2/1q2p3/3pP1Q1/1n1P4/4B1P1/PP3PK1/R3R3 w - - 1 27	g5f6 f7e8 e1h1 h8h1 a1h1 b6d8 f6h8 g8h8 h1h8	2837	01191n1w
scO1V	5rk1/6r1/1ppqR3/p1p2P1Q/8/2PP4/PP6/4R2K b - - 2 41	d6d5 e1e4 d5d3 e4e1 d3d5	2837	0g0p10
15VBA	2RB4/6p1/6r1/1P2p3/PQ2kp1b/8/1P2q1PP/R5K1 b - - 14 38	e4f5 d8g5 f4f3 c8f8 g6f6	2838	0g0h1019
5FPFQ	8/8/1p6/p7/P1p5/2k2B2/1r4R1/4K3 b - - 9 59	b2g2 f3g2 c3c2 e1e2 c4c3	2838	0g0p10
J1icz	8/8/3p4/2kr1R2/6P1/5K2/8/8 w - - 0 65	f3f4 c5c6 f5d5 c6d5 f4f5 d5c6 g4g5 c6d7 f5f6	2838	0g0h0p1l1m1w
LlqZP	8/6p1/pp5p/4k3/PPPp4/5K2/6PP/8 w - - 0 34	f3e2 e5e4 e2d2 d4d3 b4b5 a6b5 c4b5 e4d5 d2d3	2838	0g0p1e1w
OB8GS	8/p3b3/4P1k1/2p3pp/1P4P1/2B4P/6K1/8 w - - 0 36	b4c5 e7c5 g2f3 h5g4 h3g4	2838	080g0p10
R1eLb	8/8/8/2k2PKp/1n6/1P4p1/8/5B2 w - - 2 60	f5f6 c5d6 g5h6 d6e6 h6g7	2838	0g0h0p10
WgQwm	8/5K2/8/5pk1/2R5/7P/6r1/8 b - - 2 51	g2h2 c4c3 f5f4 f7e6 h2e2	2838	0g0p10111l1m
Xbw8N	1r4k1/2q2ppp/4bb2/p2Pp3/8/1PPQ4/P4PPP/R3KB1R b KQ - 0 21	e5e4 d3c4 f6c3 e1d1 c7e5	2838	010j0s1019
fFTA1	6k1/3p1r1p/1q2pPp1/2p1PpQ1/1pPn1P2/3PN2R/rp5P/1R5K w - - 0 36	h3h7 g8h7 b1g1 f7g7 g5h4 h7g8 f6g7	2838	000g0y191l1n1w
leNfb	8/8/pPk5/5p1p/5K1P/6P1/5P2/8 b - - 4 41	a6a5 f4e3 c6b6 f2f3 f5f4 g3f4 b6c5 e3e4 c5d6 f4f5 d6e7	2838	0g0h0p1e1l1w
nCdYG	r2r1k2/pp3pp1/4p2p/2b1P3/4RB2/6Q1/Pq4PP/5R1K w - - 1 25	f4h6 g7h6 e4f4 f7f5 e5f6	2838	010d0o10191n
pJSKN	4kb1r/p2q1ppp/np6/2p5/2P1P3/P1N2bP1/1PQB1P1P/R4RK1 b k - 0 18	d7h3 c2a4 e8d8 d2g5 f8e7 a4d1 f3d1	2838	010h191w
4TLMS	r2q1rk1/pp3ppp/3bpn2/4N3/3p1Q2/2PB3R/PP4PP/5RK1 w - - 2 21	f4g5 f6e4 g5h5	2839	0g191o
4UoTX	8/8/p1k3p1/1pr1pp1p/PR2p2P/1PN3P1/2K2P2/8 b - - 7 35	c6b6 c2b2 b6a5 b4e4 f5e4	2839	010p101t
4wNMN	2r1r1k1/1p4p1/3q3p/p7/Pn1PBRQP/4P1P1/2p4K/R7 w - - 1 34	g4f5 g7g6 f4g4	2839	0d0g191g1o
HBKNs	1Q6/5p1k/p2P1q2/6p1/2P1p2p/4P1P1/5P2/6K1 w - - 0 39	d6d7 f6a1 g1h2 h4g3 b8g3	2839	000g0h0p101i
arBlG	8/3R1pk1/p3p2p/3r4/1P3pP1/P7/5K2/8 w - - 2 33	d7d5 e6d5 a3a4 g7f6 a4a5 f6e5 b4b5 e5d6 b5a6	2839	0g0p1l1m1w
cyiGp	2r4k/p5p1/1p1p2Qp/5R1B/4nP2/P6P/3q2PK/8 w - - 0 34	f5f7 d2d4 f7e7	2839	010p1o
iPTx4	8/7R/8/8/2k3P1/5K1p/8/r7 w - - 1 53	h7h3 c4d5 h3h6	2840	0g0h0p1m1o
rM7m2	8/7p/p3k1p1/Pp2p1p1/1P2PP1P/4K3/8/8 w - - 0 42	h4g5 e6d6 e3f3 e5f4 f3f4 d6e6 f4f3	2840	0g0h0p1e1w
8uTG0	r2q3r/1pp1kBp1/1p6/2n1p1Np/1Q2P1b1/2P1N3/PP3P2/R3R1K1 b - - 8 21	e7f8 g5e6 g4e6	2841	01191o
EepY4	8/1r5p/4p1pk/2RbBp2/2p2PP1/7P/1P5K/8 w - - 3 41	c5c8 f5g4 h3g4	2841	0g0p1o
OYrlK	8/p3k3/1p6/2p2p1P/2Pn4/5N2/4KPP1/8 w - - 2 40	f3d4 c5d4 g2g3 e7f6 f2f3 f6g5 g3g4	2841	0g0p0z1l1w
TmoDj	6k1/1b3p1p/p2p1P1b/1p1Pp2p/4P2N/1qr5/5QPP/3R1BK1 w - - 0 29	h4f5 b3d1 f2b6 d1d4 f5d4	2841	0110191n
a5C18	8/8/p7/1pkq3Q/8/1K2p3/P5PP/8 w - - 1 44	h5d5 c5d5 b3c2 d5c4 g2g4 e3e2 c2d2 e2e1q d2e1	2841	0g0p1i1l1w
tYHkJ	r3k1nr/pppq3p/6bb/4p1Q1/2P5/1P2P1P1/P5BP/RN3RK1 w kq - 1 15	g5e5 d7e7 e5b5 c7c6 g2c6 b7c6 b5c6 e7d7 c6a8	2841	010r0s191w
tsfV1	8/p1p5/3p1ppk/1p1P1P2/1P4KP/8/P7/8 w - - 0 33	g4f4 h6h5 f5g6 h5g6 f4g4 f6f5 g4f4	2841	0g0p1e1w1z
wSXBz	5rk1/2r2b2/1Q4p1/p1p4p/P1Np1P1q/1P1P4/2PB1R2/R5K1 b - - 1 26	f7d5 f2g2 c7c6 b6c6 d5c6	2841	0g1019
yA2b3	8/7r/3b4/8/3pk1P1/p3pR1P/P1P1K3/5R2 b - - 5 49	h7c7 e2d1 c7b7	2841	010h0p1o
9JTSG	8/6kp/6p1/1pP5/2n1Q2P/8/P3RPK1/2qr4 w - - 3 38	e4b7 g7h6 e2e7 d1g1 g2h2 g1h1 b7h1	2842	010d0p1w
cqDyv	r5k1/p1p1b1p1/2p3q1/2Pp1rP1/N2Pp1Q1/8/PP6/R1B2RK1 b - - 1 20	a8f8 c1e3 e7g5 g1g2 g6e6 f1f5 f8f5	2842	0111191l1w
gQey2	3r4/1r4pk/6p1/2p3Pp/2q2Q1P/4BP1K/8/R2R4 b - - 1 33	c4e6 h3g2 d8d1 a1d1 b7b4	2842	011019
gm4ed	r3r2k/5ppn/2p5/6PQ/1p1B1q1P/1B6/1PP5/1K1R3b w - - 0 29	g5g6 f7g6 d4g7 h8g7 d1d7 e8e7 d7e7 g7f8 h5c5	2842	050g191n1w
iQJqK	5k1r/ppq2p2/5p2/8/6Q1/6P1/PP3P1b/3R1R1K b - - 0 30	c7c6 f2f3 h2g3 h1g1 c6c5 g4d4 c5g5 d4d8 f8g7 d8h8 g7h8	2842	0g0i0j0k0p0r1l1w
ksEKu	4rb2/1b1nrp1k/p1q1p2p/1p3pBQ/8/1B4R1/PPP2PPP/3R2K1 w - - 6 24	d1d4 d7e5 g5h6	2842	0g191g1o
lKgsH	2k5/2n2p2/PK4p1/4p1P1/2P1P3/5P2/8/8 w - - 1 47	a6a7 c8d7 b6c5 d7e7 c5c6	2842	000g0p0z101z
ERYQ5	8/1p3k2/1p1p1ppp/pP1P3P/P1PP1KP1/8/8/8 w - - 1 37	h5g6 f7g6 f4e4 f6f5 g4f5 g6f6 c4c5 d6c5 d4c5 b6c5 d5d6 c5c4 e4d4 c4c3 d4c3	2843	0g0p1e1w
FcDOJ	r7/4P1k1/p2p2qp/1p2nppQ/2PN1p2/1P6/P5PP/4R1K1 w - - 1 26	h5g6 g7g6 c4c5	2843	010p1o
J4u9J	8/3k1p1p/8/2PKP1p1/p4pP1/5P2/P7/8 w - - 0 37	d5e4 d7c6 e4f5 c6c5 f5g5	2843	010p101e
fc1s9	5k2/8/5K2/5P2/3p4/3N4/8/b7 w - - 5 61	f6g6 a1c3 f5f6 c3d2 d3e5	2843	0g0h0p10
xFZWl	R7/P7/8/4pp1K/8/5kP1/r7/8 b - - 0 43	e5e4 h5g5 a2a5 a8f8 a5a7 f8f5 f3g3	2843	0g0p111l1m1w
2cgK7	7k/5q1n/2p2P1Q/1p1p4/p2P4/7K/P1B5/8 w - - 5 42	h3g2 h8g8 c2g6 h7f6 g6f7	2844	0g0p10
51lxI	8/8/3k2p1/3p1P1p/3K2P1/4P3/8/8 b - - 0 45	h5g4 f5g6 d6e7 g6g7 e7f7 g7g8q f7g8	2844	0g0p111e1w
84HYB	6r1/1N1n2kp/p1R1Qn2/3p4/3b1Pp1/1P1BP1q1/P7/3K3R b - - 1 30	g3f3 d1d2 f3g2 d3e2 g8e8	2844	0g0r0s1011191g
B0JoQ	8/6p1/3p2k1/1p1Pp2p/1P2Pb1P/4BP2/5K2/8 b - - 1 62	f4e3 f2e3 g6f7 f3f4 e5f4	2844	080g0p10
Dewak	8/4k3/4p1p1/3p3p/3K1PPP/5P2/8/8 w - - 1 44	g4h5 e7f6 h5h6 f6f7 d4e5	2844	0g0p101e1z
HJBhH	6k1/pq1b3p/3Q2p1/3PP1P1/2P5/2B5/1p3r2/1R2K3 b - - 1 38	b7b3 e5e6 b3c2 d6b8 f2f8 b8b2 c2e4 b2e2 e4b1	2844	0g0h0i0p0r0s1w
OwKxh	8/8/1p2kpp1/1p2p3/1P2P2P/5K2/P5P1/8 w - - 1 32	f3g4 f6f5 e4f5 g6f5 g4g5 e6d5 h4h5	2844	0g0h0p1e1w
W10ee	1r3r1k/p5pp/4Q3/q2p4/3PP3/1Pb1N3/P3N1PP/1K1R3R b - - 2 24	a5a3 e2c3 f8f2 e6e8 b8e8	2844	0110191n
c2OrI	2k4r/3p4/1pq3r1/3PpQ2/1B5P/3P2P1/7K/RR6 b - - 0 34	c6c2 h2g1 g6g3 g1f1 c2g2 f1e1 g2g1 f5f1 g1e3 e1d1 g3g1 f1g1 e3g1	2844	010d0i191g1w
0qSjs	8/p2k2p1/P4pp1/2K5/6PP/5P2/8/8 w - - 1 52	f3f4 d7e6 c5c6 f6f5 g4f5	2845	0g0p101e1l
2vQ0U	2k4r/pRp3p1/2p1b3/8/4pP2/3rQ1Pp/P1qB4/1R5K w - - 0 24	e3a7 c2b1 b7b1 d3d2 b1b8 c8d7 b8h8 d2d1 h1h2	2845	01191p1w
FTvP0	4n3/R7/1N6/1p1pK3/1krP4/8/8/8 w - - 4 55	b6c4 b4c4 a7e7 e8f6 e7c7 c4d3 c7b7 f6e4 b7b5	2845	0g0p111w
esTZe	Q7/4k3/K5p1/4Pp1p/B4P1P/4n1P1/4q3/6r1 w - - 4 55	a6a7 e7f7 e5e6	2845	0g0h0p1o
iMdvW	7r/8/pR2N2p/6pk/P7/1Pb1R1P1/1r5P/6K1 b - - 5 38	h8c8 e3f3 c3d2	2845	0g0h0p1l1o
mplXX	R7/P7/6p1/5pkp/4p3/6PP/r4P2/6K1 w - - 1 45	h3h4 g5g4 g1g2 f5f4 a8f8 f4f3 g2h2 a2f2 h2g1 f2g2 g1h1 g2a2 a7a8q a2a8 f8a8 f3f2 h1g2	2845	000g0p1h1m1w
oaPGK	4r1k1/5p1p/p2p1Q2/1p1r1P2/4p2R/1P5P/P5PK/3q4 w - - 1 31	h4h7 g8h7 f6f7 h7h8 f7e8	2845	050g0i0p0s101n
raYJS	r5k1/4pp2/2Qp1qpp/1P1P4/4P3/7b/5P1N/2R3K1 w - - 9 40	c6a8 g8h7 a8a3 f6g5 h2g4 h3g4 a3e3	2846	010p0t1w
v75vO	8/5p2/p1k2Ppp/1p2K3/1P4PP/8/1P6/8 w - - 3 45	g4g5 h6h5 e5e4	2846	0g0h0p111e1o
x5hDi	1Q6/2r1kp2/7p/1P1p4/4qP2/8/P1r2PRP/6RK b - - 6 44	c2c1 h2h3 e4f3 b8c7 c1c7	2846	010p1011
0VS55	8/p1Q3pk/1p3R1p/4r3/3p4/3P3P/1qP3PK/8 w - - 0 35	c7f7 e5g5 h3h4 g5g2 h2g2	2847	0g0p101g
8gjRy	8/1k6/2p4p/1p1p2p1/5b1P/2P1B3/1P4P1/6K1 w - - 1 34	e3f4 g5f4 g1f2 b5b4 c3b4 d5d4 f2e2	2847	080g0h0p1w
L9r0R	6r1/1k4r1/2Rq4/pP2p2p/Pb2P2Q/7P/5P2/B1R4K b - - 2 36	d6d3 h4h5 d3e4 f2f3 e4e3	2847	0g0r1019
LdAAT	8/8/5k2/1KPR1P2/3Pn3/8/8/2r5 b - - 10 62	e4c3 b5c4 c3d5 c4d5 f6e7 f5f6 e7f6 d5d6 f6f7	2847	0g0h0j0k0p0s1w
Y9iAB	8/8/5pk1/7p/1p4R1/1P3K2/2P5/8 b - - 0 53	h5g4 f3g4 f6f5 g4f4 g6f6 f4e3 f6g5 c2c4 b4c3	2847	050g0o0p0r1w
h2sGj	4r1r1/5Q2/pk5p/1pp3q1/2P2R2/6P1/P3p2P/4R2K w - - 1 43	f4f6 b6a5 c4b5 g5f6 f7f6	2847	010p10
2wAYb	r4rk1/pp3ppp/1q1p4/2pPnN2/4PQ2/1P2R3/P5PP/2KR4 w - - 7 20	f5e7 g8h8 e3h3 e5g6 h3h7 h8h7 f4f5	2848	0g0y11191g1n1w
Tp1iK	4r1k1/5ppp/2Q5/3p4/3P2R1/PKPR1PP1/1P1N4/r6q b - - 0 38	e8b8 b3a4 h1d1 a4a5 d1c1	2848	0g1019
WHEAe	8/8/1R5p/4b1k1/2PnK1p1/1P6/P7/8 w - - 2 40	e4e5 g4g3 e5e4	2848	010p0t1o
gW6Yb	8/6p1/1k4p1/2p2p2/2P1nP1P/qp2P1P1/4Q1K1/1R6 b - - 3 44	e4c3 e2d2 a3a8 g2g1 c3b1	2848	0g0p0s10
iEZTY	8/8/3p4/p5p1/1P2k3/2P3P1/4K3/8 b - - 0 34	a5b4 c3b4 e4d4 e2f3 d6d5 b4b5 d4c5 f3e3 c5b5 e3d4 b5c6	2848	0g0h0p1e1l1w
M0rP6	5rk1/5pp1/R1N5/Pp1pPp2/1Q3Pqp/P3P1P1/7P/7K b - - 1 28	g4e2 c6e7 g8h8 b4b5 e2b5	2849	0g0p10
MIih9	8/7p/1P2k1p1/3N4/3K2rP/3P4/8/8 w - - 1 48	d4c3 g4g1 b6b7	2849	000g0h0p111o
UFxN4	4r1k1/R5p1/3q3p/1p6/2p3Q1/2P1p1PP/PP4PK/8 b - - 1 36	d6e5 g4g6 e8f8 a7g7 e5g7	2849	010p101l
dYak2	5rk1/1ppb1p2/1b1p4/1N1Pp1pp/1PP1Pq2/3B1N1P/5PK1/2Q2R2 b - - 1 24	d7h3 g2h3 g5g4 h3h4 b6f2 h4h5 f2e3 c1e3 f4e3	2849	050g0s191n1w
l1sGZ	8/8/P3p3/6k1/2pK1nP1/7p/8/8 w - - 0 55	a6a7 c4c3 a7a8q c3c2 a8g8 f4g6 g8d8 g5g4 d8c8	2849	000g0p0z1g1h1w
qJCeX	8/1p2p1k1/3pQ3/p1pP2p1/2Bb3q/7R/1P3r1K/3N4 w - - 8 44	h2h1 f2f6 e6e7 f6f7 e7e6 h4f4 c4d3	2849	010h0r191w
qK6nJ	2r2nk1/1b1r1p2/p6q/1p2PR2/2p5/P1P5/1P3RPP/1B1Q2K1 w - - 1 37	d1g4 f8g6 e5e6 h6c1 f2f1 c1e3 f5f2	2849	01191w
uAoC0	2rr3k/2p3Rp/p6p/4pp1q/Pb1pQ3/6NP/5PP1/6K1 w - - 0 42	e4e5 d8d5 e5f6 d5d6 g7h7 h8h7 f6e7 h7g6 g3h5	2849	01050k0m0y191n1w
uFxaa	2r1r1k1/p2pb2p/6pB/3pP1Pq/3p4/2pQ4/P6P/4RR1K w - - 5 30	d3d4 e7g5 e5e6 h5h6 e6d7	2849	000g10191n
0biWm	6k1/2Rr1pp1/8/1N4p1/4b3/P5KP/BP3P2/6n1 b - - 10 33	g1e2 g3g4 d7d1 a2f7 g8h7	2850	010h0p101l
2JD32	8/8/3R2K1/2r4P/3p1k2/8/8/8 w - - 3 53	d6d4 f4e5 d4d8 c5c6 g6g5 c6c3 d8e8	2850	010p1l1m1w
Fr7Wt	1r3rk1/3q1pp1/1p1p3p/2p5/2P1PN2/pP2B1R1/P1P3PP/5RK1 w - - 2 34	f4h5 g8h8 h5g7 f8g8 e3h6	2850	0b0g1019
HxmY3	r4rk1/pbqn3p/2p3pb/2PpP3/1P5P/P2Q1NP1/1BB5/R3K2R b KQ - 0 22	b7a6 d3a6 f8f3	2850	010i191o
OlIqX	4r3/4Pk2/3K2p1/7p/8/8/4R3/8 w - - 5 57	d6d7 e8e7 e2e7 f7f6 d7d6	2850	0g0h0p101m
OtZ8q	8/6pp/p7/7P/1k1p1P2/3K2P1/8/8 w - - 1 41	h5h6 g7g6 g3g4 b4c5 g4g5 a6a5 f4f5	2850	0g0p1e1l1w
P6OEQ	8/3kn1QP/p3p3/3p1p2/2p2P2/K1P1P3/P7/3q4 w - - 3 42	h7h8q d1c1 a3a4 c1b2 h8a8 b2a2 a4b4 a2b3 b4c5 b3b5 c5d4 b5b6 d4e5 b6e3 e5f6 e3c3 f6f7	2850	000g0p1h1w
ShSm0	r2k3r/ppN3p1/2ppQ3/4p3/3bP3/3P1P1p/PP2KPq1/R3R3 w - - 6 22	e6d6 d8c8 c7d5 g2f2 e2d1 f2f3 d1d2	2850	010h191l1w
Uvyh6	2r2rk1/2p1q3/ppn3pp/2Nn4/1PB1b3/PQ2PN1P/3P1P2/R3K1R1 b Q - 3 21	b6c5 c4d5 g8h7 d5e4 e7e4	2850	011019
f3WiD	2k5/R7/P1p1p3/2P1Pp2/2pP1P1r/7p/8/6K1 w - - 1 38	a7a8 c8c7 a8f8 h4g4 g1h1 g4f4 a6a7	2850	000g0p1m1w
5RAVg	4k3/r7/2R3K1/5P2/p6P/8/2n5/8 w - - 6 40	c6c8 e8d7 c8c2 a4a3 c2a2 a7a4 h4h5	2851	0g0h0p0s1w
Rn4Fd	2k4r/pp3Q2/3qp3/3pn1P1/8/P1N1bP2/1PP5/1K1R4 w - - 0 26	f7g7 h8e8 c3b5 d6c6 g7e5	2851	011019
CvzMa	8/8/4p2p/4k1p1/6P1/3K1P1P/8/8 b - - 1 49	e5f4 d3e2 f4g3 e2e3 e6e5 h3h4 g5h4	2852	0g0p1e1l1w1z
ET4Wv	5rk1/Q1R2N2/3p2p1/3P3n/4Pq1P/2P5/pr6/K5R1 b - - 0 32	f8b8 c7c8 b8c8	2852	0g191l1o
hpfjL	2r3k1/2r1pp2/pq1p1npQ/1p1P2NP/2n5/PP3P1R/1KPRN3/8 w - - 3 25	b3c4 b5c4 b2c1 c4c3 d2d4 c8b8 c1d1	2852	010h191l1w
mrsVu	8/7p/p1nk1p2/1p6/1P1NPPKP/8/8/8 w - - 3 39	d4c6 d6c6 g4f3	2852	0g0h0p0z1o
rPXEE	2r1r1k1/1pq1npp1/p3p1p1/b2pP3/5BN1/7Q/PPP1RPPP/R5K1 w - - 9 20	f4g5 f7f5 e5f6	2852	010o11191o
HKtrS	8/8/1R4pk/5P1p/n7/5KP1/7P/8 b - - 0 59	a4b6 f3f4 b6d7	2853	0g0h0p1o
HPJZl	r1b2rk1/pp4b1/2n1p2p/2pp2q1/3P1Np1/P1P3n1/1PQN4/1BKR3R w - - 0 24	c2h7 g8f7 b1g6 f7f6 d1f1 g3f5 f4h5	2853	010r0y191l1w
dyMQL	8/8/8/3p2P1/1p1kp2p/1P5P/P2K1P2/8 b - - 0 46	d4e5 d2e3 e5f5 e3d4 f5g5 d4e5 g5g6	2853	0g0h0p1e1w
v1pXx	8/8/R1r3pp/3k1p2/8/2PK3P/6P1/8 w - - 2 39	a6c6 d5c6 d3d4 c6d6 h3h4 d6e6 c3c4 e6d6 c4c5	2853	0g0p1l1m1w1z
1Hkik	q4rk1/4bpp1/7p/1p2PN2/3p1P2/3P4/1PNn2bP/3Q1RK1 w - - 0 22	f5e7 g8h7 f1f2 f8e8 f2g2 d2f3 g1f2	2854	010t191w
7Jrdy	8/2p3p1/4k2p/p7/2PP4/3K4/6PP/8 b - - 5 42	e6f5 c4c5 a5a4 d3c4 a4a3	2854	0g0p101e1l
DwEwz	8/5pb1/1k1p4/p2P1KP1/1p6/1P6/P3B3/8 w - - 0 43	e2h5 a5a4 b3a4	2854	080g0p1o
Ev43u	5rk1/2p4r/p3pq2/5p2/2PPPQp1/1P4P1/P5P1/R4RK1 b - - 0 26	f6d4 f4f2 d4h8 f2d2 f5f4	2854	0g0p10
ULeck	7r/p3qpk1/2pp1b1p/4nPpQ/4P3/1Br4P/P4RPB/3R2K1 w - - 6 28	h2e5 f6e5 f5f6 e5f6 e4e5 d6e5 d1f1 c3b3 a2b3	2854	010s191l1n1w
hXzOL	1r3b2/5p1k/4p1p1/4P1B1/2Pp4/1q1P1P2/1p2Q1K1/1R6 w - - 2 36	g2g3 h7g8 g5f6 f8g7 e2h2 b3b4 b1h1 b4e1 h1e1	2854	0g0p1l1w
li9g6	r4r1k/5q1p/3b3B/p3p3/bp1p3Q/8/PPP4P/2KR2R1 w - - 2 35	h6g7 f7g7 g1g7 h8g7 d1g1 g7f7 h4h6 a8a6 g1f1	2854	050g0s191w
p6F8U	4rrk1/1bq1bppp/pp1p4/2nP1NP1/2n5/P7/1PB2P1P/R1BQR1K1 w - - 0 19	d1h5 g7g6 h5h6 e7f6 e1e8 f8e8 g5f6	2854	0111191w
BVKWM	8/5p2/R2rk1p1/7p/5K1P/5P2/6P1/8 w - - 4 37	a6d6 e6d6 f4g5 d6e5 g2g3 e5e6 f3f4 f7f6 g5g6	2855	0g0p1l1m1w1z
DEnvq	1r3k1r/p1p1b1p1/1p3pP1/1Bq1n2p/2N1Q2P/P7/1PP2P2/2KR4 w - - 8 23	c4e5 f6e5 e4f3 e7f6 f3b3	2855	0g0h1019
vDUPb	8/1p4pp/p2Q2b1/4p1k1/8/P4qPP/1P2R2K/2r5 w - - 1 46	d6d8 f3f6 d8d2	2855	010p1o
5QFe7	2k2r2/1pp2P2/2p5/8/3P4/R5K1/p5P1/8 w - - 2 37	a3a8 c8d7 a8f8 a2a1q f8h8	2856	0g0h0p101m1p
E8o8k	2Q5/p5k1/5qPp/2p1p2R/5p2/6bK/P5R1/1r6 w - - 6 46	c8d7 g7g6 d7e8 g6h7 g2d2 b1b7 d2d8	2856	0g0h0p1l1w
FDmc4	8/8/8/2k5/ppp2P2/6P1/1PK4P/8 b - - 1 42	c5d4 f4f5 b4b3 c2c1 a4a3 b2a3 d4c3	2856	0p
FToHB	8/5kp1/2R1r2p/7K/5P2/6P1/8/8 w - - 1 51	c6e6 f7e6 h5g6 h6h5 g6g5 h5h4 g5h4 e6f6 h4g4	2856	0g0h0p1m1w
gXQJL	5r2/p1kn3p/B1p3q1/5p2/P6b/1PP4P/3R1NP1/3R2K1 w - - 0 29	d2d7 c7b6 f2d3 f8f7 d3c5	2856	010h10191l
CcUCV	6k1/ppp3b1/3p3p/PP1Pp3/2P1Nrq1/6Pn/2Q2PKP/4RR2 b - - 3 26	g4f3 g2h3 f4f5 e4g5 h6g5 c2e4 g5g4 e4g4 f5h5 g4h5 f3h5	2857	010d191l1n1w1y
PDu9d	1r6/2q3k1/1p2pp2/pQ1p4/P2P4/2P1P2K/5P2/1R6 b - - 0 31	b8h8 h3g2 c7h2 g2f1 h2h5	2857	0g0h0p0r10
hSbga	8/1p6/p1p2pk1/P1Pp4/3P1Ppp/2P1K3/7N/8 b - - 3 45	g4g3 h2f3 g6h5 f3e5 f6e5	2857	0g0p0z10
7l3vL	8/1p4pp/p7/P7/1Pk2KP1/1r2P3/8/1R6 w - - 3 36	b1b3 c4b3 e3e4 b3b4 e4e5 b4b5 f4f5	2858	0g0h0p1l1m1w
CDgXR	r4rk1/1R3B1p/p2p2p1/8/3P4/PQ2P3/5Pqn/2B1KR2 b - - 0 20	g8h8 f7c4 d6d5 b7h7 h8h7	2858	010h1019
LgGia	5r2/pq4kp/1p1n1pN1/5P2/3p2P1/1P2p1RQ/P1r4P/5RK1 w - - 2 35	g4g5 f6g5 g6f8	2858	0111191o
TCxT5	8/1p2r1p1/1K1R2p1/P5P1/k5P1/8/8/8 w - - 9 53	d6g6 a4b4 g6d6 e7e5 d6d4 b4c3 d4d7	2858	010p111l1m1w
xHO5j	4r3/pp1bk1p1/2nr3q/4pB1n/3p4/P4NP1/1PQ2P1P/2R1R1K1 w - - 6 30	f3e5 c6e5 f5d7 h6c1 e1c1	2858	0110191g
2bzvs	1r1r4/b1p1kppp/5q2/2P1n3/1P1p2n1/P3P3/1BQP1PBP/RN3RK1 b - - 2 17	e5f3 g2f3 f6f3 e3d4 f3f4	2859	010y1019
9jPPP	r2q3r/pp2bBp1/2k1P3/7p/4PRn1/P2P1Q2/2p4P/RNB3K1 b - - 1 20	d8d4 g1g2 d4a1 e4e5 c6b6	2859	0g0h0s1019
Oo3HG	b2N2k1/p3r2p/5pp1/1p5q/8/P1PB3P/1P3QP1/5R1K b - - 4 28	h5h3 h1g1 h3d3 d8c6 e7e2 f2f6 d3e3	2859	01191g1w
iiVoB	1nk1r2r/1bBq2b1/p5p1/3pPn2/1P3P2/PNN3p1/4Q1BP/2R1R1K1 b - - 0 25	g3h2 g1f2 g7f6	2859	0001191o
LfX2F	2k5/R7/8/3K1Np1/8/4P1nr/8/8 w - - 2 46	d5c6 c8b8 a7b7 b8a8 f5e7 g3f5 e7f5	2860	0g0p0r1l1w
NeNGh	k2r2r1/p6p/2p5/5P2/P2p4/BQ1P2q1/R5Pb/5R1K b - - 5 27	g3h4 a3e7 h4h5 b3d1 h5h6	2860	010h10191l
gYZzY	8/8/8/8/P5k1/1r3p2/1P3R2/6K1 b - - 0 61	b3d3 f2h2 g4g3 h2h3 g3h3	2860	0g0p101l1m
rrB6M	2r3k1/p5p1/3b4/1pp5/3p2R1/1P1P1r1q/P1Q3R1/1N3NK1 b - - 2 32	f3f1 g1f1 c8f8 f1e1 h3e3 g2e2 d6g3 g4g3 e3g3 e1d2 f8f1	2860	01050r191n1w
tNJpO	8/8/8/2p3p1/1bKpB1P1/5P2/6kP/8 w - - 8 43	h2h4 g5h4 g4g5 d4d3 g5g6	2860	080g0p101l
vatSS	6k1/q4r1p/3P1Rp1/2NQ4/2p3P1/3bn2P/1P6/6K1 w - - 2 44	f6f7 a7f7 d5e6 f7e6 c5e6 g8f7 d6d7 f7e6 d7d8q	2860	00010e191h1w
6uTZQ	r3r3/ppq2p1k/2pp1Q2/3PpP2/2P5/3B4/PP3PP1/2b2RK1 w - - 0 26	f1c1 c7e7 f6e7 e8e7 f5f6	2861	0g0j10191g
NWTnX	8/1p3bp1/5k2/1pKP1p1P/5PP1/P7/2P5/8 w - - 1 36	g4g5 f6e7 h5h6 g7h6 g5h6 e7f6 c5d6 f6g6 d6e5	2861	080g0p1w
QtIHP	3r4/pp4kp/4Qbp1/2N5/5P2/2P2BP1/Pq1r3P/R3R1K1 b - - 3 28	b2c3 e6e3 c3e3 e1e3 f6a1	2861	010s1019
RGYPC	8/3k4/p2PRK2/rp6/4Bp2/4nP2/8/8 w - - 0 54	e4g6 e3d5 f6e5 b5b4 g6e8 d7c8 e5d4 d5c7 d6c7	2861	00010h0p0r1l1w
XXg3U	8/8/5PKp/6n1/1p4P1/8/2k5/1N6 w - - 6 67	g6h6 g5f7 h6h5 f7e5 g4g5 c2b1 g5g6	2861	0g0p0z1l1n1w
bh5BH	r7/1p5k/p1np3b/3Np2p/4P2q/1NP2pr1/PPQR3P/R5K1 w - - 0 25	h2g3 h4g3 g1h1 h6d2 d5f6 h7g6 a1g1 g3g1 h1g1 d2e3 g1f1	2861	010h0r191g1w
pk3Ox	r6r/3n2Q1/3k1p1P/p3pP2/3pP3/q2P4/4K3/2R4R w - - 0 30	g7f7 a8e8 f7d5 d6e7 h1g1 h8h7 c1c6	2861	0g191l1w
Brxf9	6k1/q6p/3p2p1/3P2Q1/4PN2/7b/1P1p3P/3R1r1K w - - 2 34	d1f1 a7a6 f1g1 a6a4 f4h3	2862	0g0p101l
NrbQw	6k1/2P3Bp/6p1/7r/P7/4P1Pq/4K3/2RR4 b - - 0 35	h3g4 e2d2 g8g7 c7c8q h5d5 d2e1 d5d1 c1d1 g4c8	2862	0g0p1w
Xswo5	1k4r1/1p2N3/p5r1/4R3/P4P2/3p2np/3Q2qK/6R1 w - - 6 43	d2g2 h3g2 e7g6 g8g6 e5g5 g3f1 h2g2	2862	01191w
kVbOS	5r1k/p5p1/4Q2p/1b4q1/3PB3/2P5/PP4PP/R5K1 b - - 1 23	g5e3 g1h1 e3e2 h2h3 f8e8 e6f5 e8e4	2862	010p1w
sz1KO	5rk1/R5pp/1qNNp3/1pnnPB2/2p2P2/6P1/1P1Q3P/6K1 b - - 0 25	c5d3 g1f1 e6f5 c6e7 d5e7	2862	0g0j0k0w101119
6yioV	2Q5/1N1k4/6p1/3Pp3/5p2/6p1/5P2/3K4 b - - 0 45	d7c8 b7d6 c8c7 d6b5 c7b6 b5c3 g3g2	2863	000g0p0t1w
npBxq	8/8/4p2p/4k1p1/6P1/5P1P/5K2/8 b - - 2 44	e5f4 f2e2 f4g3 e2e3 e6e5	2863	0g0h0p101e1z
rgoPN	2b5/6k1/2p2p2/1pPp1B2/5K1p/P4P1P/6P1/8 b - - 5 39	c8f5 f4f5 g7h6 f5g4 d5d4	2863	080g0h0p101z
yGIEZ	8/2p5/p2k2p1/2pP2P1/1pP1K3/PP6/8/8 w - - 0 38	a3b4 c5b4 e4d4 a6a5 c4c5 d6d7 d4d3 a5a4 b3a4	2863	0g0p1e1w
4NpQG	3q1r1k/1brnbpp1/p3p1Bp/4N2n/2p4B/4P3/P1Q2PPP/3R1RK1 w - - 0 22	d1d7 d8d7 e5d7	2864	01191o
9lzMC	r4k2/pb3p2/n1p5/1p1q2QP/3P4/P7/1P4P1/5R1K w - - 1 31	f1f5 d5d4 f5e5 d4e5 g5e5	2864	010p10
KdtLk	8/8/RP6/8/5p2/8/1r3Pk1/4K3 b - - 5 53	f4f3 a6a8 b2b1 e1d2 b1b6 d2e3 b6b3	2864	0g0p1m1w
LKubK	6k1/2p2RPp/1pp1p2Q/p1q5/P5P1/1PP3rP/8/4RK2 b - - 0 28	g3g1 f1e2 g1g2 e2f3 c5f2 f3e4 f2e1	2864	0g0p0r0s1w
CKBVx	1k1r4/p2n2pp/1p6/1P1Q4/2NP4/1KPq2P1/P4r2/3R3R b - - 2 30	d7c5 d4c5 d3c2 b3b4 d8d5 d1d5 f2f3 c5b6 a7b6	2865	01191n1w
Dcpuh	5r1k/7p/4Q1p1/p2RPpq1/3P4/4P3/1r1B2PP/1B3RK1 b - - 0 27	b2d2 b1e4 g5e3 g1h1 e3f2 f1g1 f5e4 h2h3 e4e3 e6e7 e3e2	2865	000b0g0s0t191w
nFsoS	6k1/p5p1/1p1P3p/4B2P/3Q1PP1/7K/P1r5/4q3 w - - 7 43	d4d5 g8h8 g4g5 h6g5 e5g7 h8h7 d5f5 h7g7 f5g5	2865	0g0p0s1n1w
wfZsp	3r2k1/1p3p2/3b1P2/p2p2pP/P3p1Q1/6P1/4B2K/4q3 w - - 0 38	g4g5 g8f8 g5g7 f8e8 e2b5 d8d7 g7g8 d6f8 g8g4	2865	0g0p1g1w
J9itP	3r1r2/1b2qpkp/pp2pN2/n1p1P1N1/8/8/PP2QPPP/2R1n1K1 w - - 0 25	e2g4 f8g8 g5h7 g7h8 h7g5 e1f3 g2f3	2866	0g0j0k191w
LYJ13	1k1r3r/pP6/1p2pp2/1N6/8/1QP4p/1P6/K7 w - - 1 35	b3a3 b8b7 a3e7 b7c6 c3c4 d8d7 e7e6	2866	0g0p1l1w
QnID6	5rk1/5pp1/2p3p1/7P/p1Q5/3P4/P2q4/K4R2 w - - 0 32	h5g6 d2g2 g6f7 g8h7 c4h4 h7g6 h4e1 g2d5 e1g3	2866	000g0p1g1l1w
YU3tN	3q4/1p1k1pp1/pnp1p2r/4P1Q1/3PN3/1B3P1r/PP6/2RR2K1 b - - 0 27	d8g5 e4g5 h3g3 g1f2 g3g5	2866	010r0s1019
hT2n1	8/5pp1/7p/5K2/5PP1/5k1P/8/8 b - - 2 49	f3g3 g4g5 h6g5 f4g5 g3h4	2866	0g0p101e
mouMC	8/5P1k/7p/3p4/p1pB4/2P2q1b/8/4Q1K1 w - - 3 51	e1f2 f3g4 g1h2 h3g2 f2f6	2866	0g0h0p10
1h4TI	6k1/p7/1q2r2p/3p1P2/Qn6/1N4N1/Pr2pRPP/4R1K1 b - - 0 36	b2b1 a4b4 b6b4	2867	01191o
2bmGs	4rr2/1bq2pk1/pp1b1p1p/2nP1Q2/P1B5/8/1PP3PP/R1BR3K w - - 4 24	c1h6 g7h6 a1a3	2867	0g0h11191n1o
BOvPZ	3r4/6pk/2p4p/4N1q1/Qn1P4/5P1P/PP1R2P1/2K5 b - - 2 28	d8d4 a4d1 b4a2 c1c2 a2b4	2867	010p101g
CUZDt	8/8/2K4R/2PP4/3r4/6k1/7p/8 b - - 0 65	d4h4 h6h4 g3h4 d5d6 h2h1q c6c7 h4g5 d6d7 h1h7	2868	000d0g0p1h1m1w1z
PldDs	5b2/R7/6p1/3K4/5k2/p7/8/8 w - - 1 48	a7f7 f4e3 f7f8 g6g5 f8e8	2868	0g0p0s10
UjNk2	4k3/8/1r2P1K1/6B1/1p3p2/1B6/3b4/8 w - - 7 52	g6g7 b6a6 b3c2 a6a7 g7g8	2868	0g0h0p101l
oTf7Z	5r2/3P3k/3P3p/7q/3Qpp2/r1N4n/B5P1/3RR2K b - - 0 39	h3g5 h1g1 a3a2 c3a2 g5f3	2868	0g0j0k10191n
8pk2h	2b4k/2p5/1pP4p/4pPp1/1P5P/4K3/2B5/8 w - g6 0 44	h4g5 h6g5 b4b5 g5g4 e3f2	2869	080g0h0p101l
KfGc3	8/6bk/4P2p/3QN3/8/1p4K1/2q2PP1/8 b - - 1 35	c2f5 f2f4 b3b2 e6e7 b2b1q	2869	000g0p10111h
NpcNI	8/8/8/2n2k2/1KP5/5p1N/P6P/8 b - - 3 53	c5e4 a2a4 f5g4 h3f2 e4f2	2869	0g0p0z10111l
Wr4w9	8/8/8/1p5p/p2k4/1P1p1P2/P2K3P/8 b - - 0 53	a4a3 b3b4 h5h4 h2h3 d4c4 f3f4 c4b4 d2d3 b4c5	2869	0g0h0p1e1l1w1z
fMFWM	2r3k1/p4pp1/7p/3QP3/4p3/1P2PqP1/r4P1P/3R1RK1 b - - 1 30	c8c2 e5e6 c2f2 e6f7 g8f8	2869	0g0p10
owOs9	7R/3k1pp1/p2b4/3n2qp/3NbP2/1N1pP2P/PP1Q3K/5R2 b - - 0 28	d5e3 b3c5 d6c5 h8d8 g5d8	2869	0110191g
ftQ4n	2kr4/3p1R2/1p1P3p/1PpQ2p1/8/q7/7P/7K w - - 0 32	f7f2 c5c4 d5c4 a3c5 c4e4 c5c1 h1g2	2870	0g0h0p1l1w
vcj8H	2R5/8/8/3p4/3kn2P/2p2KP1/8/8 b - - 1 59	e4d6 c8c6 d6c4	2870	0g0h0p1o
wEe8M	8/3q1k2/p1pQ2p1/NpPb1pP1/1P6/P6P/7K/8 b - - 2 38	d7e8 d6g3 e8e2 h2g1 e2d1	2870	0g0p101l
y19l7	8/5brk/8/5p1p/2P1pPP1/1P3q1P/P7/3Q2RK w - - 1 47	d1f3 e4f3 g4h5 f7h5 g1g7	2871	0g0j0p10
ylN6F	6k1/pp1b3p/1n2p1p1/q2pP1P1/3P1BP1/P6Q/1Pr2K2/n4B1R w - - 2 25	f2g1 h7h5 g5h6	2871	0g0h0o191o
PZ3uQ	8/8/p7/2k3p1/1pp1KP2/2P5/1P4P1/8 b - - 0 44	g5f4 e4f4 b4b3 g2g4 a6a5 f4e5 a5a4 g4g5 a4a3 g5g6 a3b2 g6g7 b2b1q g7g8q b1e1	2872	000g0p1e1h1l1w
RBtSR	7R/6P1/p5r1/kp6/4K2n/8/8/8 w - - 7 58	g7g8q g6g8 h8g8 b5b4 g8g5 a5a4 g5g4 a6a5 g4h4	2872	000g0p1h1t1w
aZSZi	1r4BR/pp2k1n1/2p5/1P2q1r1/4P3/PQ3K2/3P1P2/8 w - - 1 42	b3f7 e7d8 d2d4 e5e7 f7f4	2872	011019
dWFGt	2k3rr/1p3p2/p1n5/2p1p2p/2PpP3/3P1NPq/PP1KQB1n/R1R5 w - - 0 24	f3h2 h5h4 c1h1 h4g3 h2g4 h3h1 a1h1 h8h1 f2g3	2872	01191l1w
ymExG	rr4k1/2q1bppp/3p1n2/4p3/2B4P/1PN1B3/1Q6/2KR2R1 b - - 3 26	d6d5 b2g2 e7f8 c3d5 f6d5 g2d5 b8b3 g1g7 g8g7 d1g1 g7h8	2872	01191g1l1w
jMRYW	2q4r/p4kbp/p2p2p1/3np1B1/Q3p3/5bP1/PP3P1P/2RN1RK1 b - - 1 20	c8h3 d1e3 h7h6 g5h4 d5e3	2873	011019
rCfWg	8/7p/3k4/1K3pp1/P3p3/4P2P/6P1/8 b - - 2 41	f5f4 b5c4 f4f3 g2f3 h7h5 a4a5 e4f3 c4d3 g5g4	2873	0g0p0w1e1l1w
LBPWI	1r1qr3/R2b2k1/3p2p1/3P4/2N5/2bQ4/5PP1/5K1R w - - 0 33	a7d7 d8d7 d3c3 e8e5 c4e5 b8b1 f1e2	2874	0g0h0w191w
OBopg	6k1/6p1/bn2p2p/3pP1bP/1p1P2B1/1Pn1B1P1/P1Q2PK1/4q3 w - - 0 47	g4e6 g8f8 c2g6 f8e7 e6f5	2874	0g0h0y101119
dHVFc	8/8/8/1p1p1kp1/1PpP4/2P2P2/5K2/8 b - - 2 58	f5f4 f2e2 f4g3 e2e3 g3h3	2874	0g0h0p101e1z
03iyb	7r/5p2/3R1np1/2P1k3/6q1/Q7/6Pr/6K1 w - - 8 37	a3b2 e5f4 b2f2 f4g5 f2f6 g5h6 f6h8	2875	0g0p1w
aAgVe	8/5B2/8/p1kpp3/K7/2P5/8/8 b - - 3 41	c5c4 a4a3 e5e4 a3b2 e4e3 f7h5 c4d3	2875	080g0p1l1w
hpN9h	R7/P5p1/8/8/5p1k/7P/2r3P1/6K1 b - - 0 58	h4g3 g1f1 c2f2 f1e1 f2a2	2875	010p101m
90ut4	3k4/1p5r/p1pbP3/P2p1P2/1P1P4/2P3P1/4R1K1/8 w - - 1 54	f5f6 d8e8 e6e7 h7h8 g2f3 e8f7 f3g4	2876	000g0h0p1w
BMCfN	r5k1/ppp5/5Q2/3pn2P/3r4/2N1q2P/PPP2RP1/6K1 w - - 3 34	h5h6 e3e1 f2f1 e5f3 f6f3	2876	011019
VtBfD	2R5/6r1/8/8/6P1/5K2/3p4/3k4 b - - 0 58	g7d7 f3f2 d7d4 g4g5 d4d5 f2e3 d5g5	2876	0g0p111l1m1w
fJ8qZ	2r4r/pQ3p2/4pk2/6q1/5n2/3B2P1/PPP2P1P/R4RK1 b - - 8 26	g5h5 h2h4 h5h4	2876	0g11191o
J9DHs	8/1pp5/p2p1p2/3P1Pp1/PPP1P1k1/8/4K3/8 w - - 1 40	c4c5 g4f4 a4a5 f4e4 b4b5 a6b5 c5c6	2877	0g0p1e1l1n1w
724SZ	1r4k1/p4ppp/4rn2/N1Pp4/3Pp2B/P5Nb/4Bq2/R2Q2RK b - - 5 30	f6g4 e2g4 b8b2 g4e2 e6h6 g3h5 f2h4	2878	01191l1n1w
ArDHb	2R5/2q2kp1/1pPr1p1p/2p5/P5Q1/5P2/4K1PP/8 b - - 12 40	c7e7 e2f2 d6d2 f2g3 d2d4 g4h5 g7g6 h5h6 e7e1 g3h3 e1e6 g2g4 e6c8 h6h7 f7e6	2878	0g0h0p0s1w
MGFbe	8/8/1N4K1/p1p5/8/8/Pk6/8 b - - 0 46	b2a2 g6f5 a2b3 b6d7 b3c4	2878	0g0h0p0z10
lE2rW	8/6p1/1pp1p1k1/p3P1P1/1PPP2K1/8/8/8 w - - 0 48	c4c5 b6b5 d4d5 e6d5 b4a5 b5b4 a5a6 b4b3 a6a7 b3b2 a7a8q b2b1q a8c6 g6h7 c6d5	2878	000g0p0r1e1h1w
lnA6N	8/8/3KRPkp/6p1/6P1/6r1/8/8 b - - 2 72	g3g4 f6f7 g6f7 e6h6 g4h4	2878	0g0p101m
lnKRI	2r2rk1/pp1bb1np/q3pppQ/3pP1B1/3P2P1/2N2N2/1P3P1P/1B3RK1 w - - 0 24	g5f6 f8f6 f3g5 a6f1 g1f1 f6f2 f1f2	2878	0g191n1w
OTKBw	4r1k1/p1q2pp1/7p/2Q5/PP1p4/7P/5PP1/2R2K2 b - - 0 34	c7h2 f2f3 d4d3 c1d1 g7g6	2879	010h0p10
6BpBG	r3r3/2q2pkp/2pb2b1/p3p3/Pp4PQ/1P3N1P/1P1B4/2KR1R2 w - - 2 24	d2h6 g7g8 h4f6 d6f8 h6f8 e8f8 f3h4	2880	0g191w
7TwED	r5k1/1q3pp1/7p/2RQ4/r7/1P3P2/1KPR2PP/8 b - - 0 50	b7b4 c2c3 b4a3 b2c2 a3a2 c2d3 a2b1	2880	010p111g1w
8ct4P	6k1/pp3p2/1q1p3p/3P1Qp1/1P1p4/r6P/2P3PK/2R5 w - - 0 28	f5c8 g8g7 c8d7 a3f3 g2f3	2880	010p10
FHJ28	8/7b/p4p2/Pk5P/5PP1/4K3/8/8 w - - 1 43	g4g5 f6g5 f4g5 h7c2 e3f4 b5c5 f4e5	2880	080g0h0p1w
cxFBA	8/8/4k2p/p5p1/4K1P1/7P/P7/8 w - - 0 46	e4d4 e6f6 a2a4 h6h5 d4d5	2880	0g0h0p101e1l
hDtw2	r6r/pp2kppp/4pn2/3p4/Q7/2N1q3/PP4PP/R4R1K w - - 2 17	a4b4 e7e8 c3d5	2880	0g191o
iOzaL	6k1/ppp1R2p/2q3b1/4Q3/5R2/6P1/P1r4P/4K3 b - - 5 39	c6h1 f4f1 c2c1 e1d2 h1h2 d2e3 h2h6 f1f4 c1e1 e3f2 e1e5	2880	010p0r1p1w
xyiZU	1r3rk1/3q1p2/2p1n2Q/p2pPN1P/P4P2/8/5PP1/R3K3 w Q - 1 28	a1a3 f7f6 a3g3 e6g5 e5f6	2880	0110191g1l
LbJbb	8/5p2/6p1/p1p4p/2P1kPPK/4P3/P5P1/8 b - - 0 37	h5g4 h4g4 e4d3 e3e4 d3c4	2881	010p101e
kr2lO	6r1/p6k/6p1/2pPq3/2P4Q/6R1/P6K/8 b - - 1 43	h7g7 h2g2 g8h8 h4h8 g7h8	2881	0g0p10
m2SAF	r4rk1/1pb2ppp/p2qp3/5b2/1P1N4/P1NP2nP/2PB1PK1/R2QRB2 b - - 1 17	f5h3 g2h3 g3h1 f2f4 h1f2 h3g3 f2d1	2881	010s191n1w
mxKJr	8/8/1p6/2p5/8/3k4/6B1/5K2 b - - 4 73	c5c4 f1e1 d3c2 g2e4 c2b2	2881	080g0h0p101l
yWeks	8/8/8/ppp1k3/4pN2/1P2K2p/1P6/8 w - - 2 42	f4h3 a5a4 b3a4 b5a4 h3f4 c5c4 f4e2 e5d5 e3d2 c4c3 d2c3	2881	0g0p0z1l1w1z
en4rH	3r4/ppk5/4Q3/q1PN4/8/1PP1P1P1/r7/R5K1 b - - 0 23	d8d5 e6d5 a2a1 g1g2 a7a6	2882	010h0p0r10
mdXEd	r4r2/3q3k/8/p1ppB2p/1n1Pp1PP/4P1Q1/1PP3P1/2KR1R2 b - - 0 30	d7a4 b2b3 a4a2 f1f2 f8f2 g3f2 a8f8	2882	0d0g191w
3igRx	1k1r3r/p1pn3p/Pp4p1/1Np1pp2/1P5P/3PBPPq/5Q2/2KR4 w - - 0 24	f2a2 d7f6 a2e6	2886	0g191l1o
4VczO	4r1k1/B4ppp/3b4/2p1pn2/3P4/2P3Pq/P2QPP1P/1R3RK1 b - - 0 21	f5h4 g3h4 e5d4 f2f4 h3g4 g1h1 e8e2 d2e2 g4e2	2886	010y191l1n1w
BrxI8	6k1/1p3p1p/2p3p1/2b1q3/p1P4P/Pn2P1P1/1P3PB1/2BQ2K1 b - - 0 25	e5f5 d1d8 g8g7 c1d2 f5b1 g1h2 b1b2	2886	0g0p1w
CV2aC	5k2/5p2/5P2/2P1P1KP/6P1/8/8/5r2 w - - 3 52	h5h6 f8g8 e5e6 f1c1 e6e7 c1c5 g5f4 c5c8 f4e5	2886	000g0h0p1m1w
mygBj	1r3k2/5p1p/5Bp1/4P3/r1p5/1pR2P2/6PP/1R4K1 b - - 0 37	b3b2 g1f2 a4a1 c3c1 b8a8 c1c4 a1b1	2886	00010p1l1w
zvgjJ	3k4/3P4/4KpBp/6p1/6P1/8/5n2/8 w - - 8 54	g6f5 f2h3 e6f7 h3f4 f7f6	2886	0g0p101l1z
2lcLE	8/2Q2pk1/4p1p1/pr1p1p2/1P1P1P2/P1R4P/3q2PK/8 w - - 6 35	c7e5 f7f6 e5c7	2887	0g0p111o
IU3fp	r1q3k1/p3bNp1/1p2p1Pp/8/2b5/7R/Pp2QP2/1K4R1 w - - 0 26	h3h6 g7h6 e2b2 c4d3 b1a1	2887	0g10191n
gw1rR	8/p7/6p1/1p6/1P3P1k/8/P5K1/8 w - - 0 43	g2f3 h4h5 f3e3 h5g4 e3e4 a7a6 a2a3 g4g3 f4f5 g6f5 e4f5	2889	0g0p1e1l1w1z
EAVSc	8/5k1p/6PP/1np2P2/6K1/p3N3/2P5/8 b - - 0 46	h7g6 h6h7 f7g7 f5g6 b5d4 c2c3 a3a2 c3d4 a2a1q e3f5 g7h8	2890	000g0p0z1h1w
iyr1r	8/1R3pk1/2p2np1/p2p4/3PrQ2/2q1rN2/P5PP/5RK1 w - - 4 30	b7f7 g7f7 f3e5 e4e5 f4f6 f7e8 d4e5	2890	0105191n1w
kfyTV	2kr3r/ppq2ppp/2n5/5b2/8/2P1PNb1/PP1NB2P/R1BQ1K1R b - - 1 12	f5h3 f1g1 g3f4 g1f2 f4e3 f2e3 c7b6	2890	01050r11191n1w
4AWzK	3q3k/8/R4p2/5Pp1/1P1p4/P3r1P1/2P2K2/5Q2 b - - 6 51	d8c7 f1h3 h8g7 c2c4 c7b7	2891	0g0h0p10
St0Ss	r3k2r/p4pQp/2p1b1n1/8/2p5/2Nq4/PP3PPP/R3R1K1 w kq - 1 17	a1d1 d3f5 d1d6 a8d8 c3e4 e8e7 e4g3 e7d6 g3f5	2891	01191l1w
p9WOv	8/3R1p1k/p3rqpp/2Q5/3p2P1/1P5P/P1P2P2/6K1 b - - 0 30	e6e2 c5d4 f6f3 d7f7 f3f7	2891	010p10
OtOVq	8/p7/1b6/5N2/7P/1k6/6P1/7K b - - 0 45	a7a5 h4h5 b6d8 f5d4 b3c4	2892	0g0h0p10111l
PAjHR	r7/1R6/PP1p4/5p2/1Pk2p1p/4pP1P/4K1P1/8 b - - 0 51	a8a6 b7c7 c4d5 b6b7 a6b6 e2d3 b6b4	2893	0g0p1m1w
ZmDsY	8/5ppk/2QBP2p/1p1P1q2/p4n2/P6P/1P3PP1/6K1 b - - 0 35	f5b1 g1h2 f4e2 h3h4 b1g1 h2h3 g1f2 c6c2 f7f5 c2e2 f2e2	2893	0g0p1l1w
hKWu1	7k/p3q1rP/4p1P1/2p5/3p3b/1P1Pn2Q/PB6/4R1RK b - - 1 34	h4e1 g1e1 g7g6 e1e3 e7g5	2893	0g1019
ySqFZ	6k1/5p1p/4p1p1/p1p5/P2rR3/1P3KPP/5P2/8 w - - 1 43	e4d4 c5d4 b3b4 a5b4 f3e2 b4b3 e2d1 b3b2 d1c2 b2b1q c2b1	2893	0g0p1m1w
HnIu2	6B1/2b5/8/p1P2p2/P2K1k1p/7P/8/8 w - - 2 44	g8h7 f4g5 d4d5 g5f6 d5c6	2894	080g0p10
UsESQ	8/1b1k1p1Q/2n1p2p/3pP3/3PP3/rpP5/3qB2P/5R1K w - - 0 28	h7f7 d7c8 f7e6 c8c7 e6d6	2894	0g0i1019
WXV8p	8/7p/1R1p4/3P3p/6nP/6k1/P3Kp2/8 b - - 0 42	g3g2 b6b1 g4f6 b1f1 f6e4	2894	0g0h0p10
BILtK	8/3k4/3p1pp1/3K4/2P3P1/8/5P2/8 w - - 0 54	f2f4 d7e7 d5c6 e7e6 c6b6 e6d7 b6b7	2895	0g0h0p1e1l1w1z
a4k4w	kr3r2/1pQ2R2/p1bNp3/2p1P3/P4P2/1P5p/1KP4q/3R4 w - - 0 25	d6b5 c6b5 f7f8 h2c2 b2c2	2895	0g1011191l
IBvx6	5rk1/2Q1Rp1p/1p4p1/5p1P/3P1P2/p1P3K1/1q4P1/8 w - - 0 31	h5h6 b2b5 c7d6 b5d3 g3f2 d3d2 e7e2 d2e2 f2e2	2896	0g0h0p1w
QBsiB	3Rr1k1/ppp2pp1/2b2n1p/2q1p1N1/2N1P3/1QP4P/P4PP1/6K1 w - - 2 23	c4d6 e8d8 b3f7 g8h8 g5e6 d8d7 f7f8 h8h7 e6c5	2897	010j0s191n1w
Sixx8	8/p5Q1/6p1/3R1rkp/P3P3/7P/1pq2rPK/1R6 w - - 9 41	d5f5 f2f5 h3h4 g5f4 b1b2	2897	0g0p101g
E3L9R	7r/P4p2/4p3/1K6/5k2/5p2/R6P/8 w - - 2 49	a2a4 f4e3 a7a8q h8a8 a4a8	2899	000g0p101h1m
